time,x,y,radius,v_x,v_y,a_x,a_y,total_energy
0,149600000000.0,0.0,149600000000.0,0.0,29800.0,-0.005927853062712689,-0.0,-442786818.18181825
432000.0,149046860175.01215,12873600000.0,149601791784.02118,-2560.8325230918813,29800.0,-0.005905722866686744,-0.0005100940322211807,-439497265.2709711
864000.0,147389505712.90018,25699602105.66538,149613287988.34198,-5112.1048015005545,29579.63937808045,-0.0058387069396260705,-0.001018067361269697,-436183715.3159562
1296000.0,144636255016.70157,38383008415.38133,149642579502.866,-7634.4261994190165,29139.834278011942,-0.005726275355581685,-0.0015196167457232805,-432847282.3928297
1728000.0,140803852692.5725,50829618345.70556,149697611985.76865,-10108.177153030305,28483.359843859485,-0.005568401450946042,-0.002010170283942741,-429490049.2988861
2160000.0,135917521486.27275,62946856788.71759,149786112261.95416,-12513.726579838996,27614.966281196223,-0.005365638596596219,-0.0024849635324910597,-426115085.0320547
2592000.0,130010913135.05672,74644645305.05057,149915511562.10645,-14831.682453568563,26541.462035160086,-0.005119183677926153,-0.00293913519008402,-422726442.5570025
3024000.0,123125945047.76045,85836300321.38261,150092867241.47394,-17043.16980243266,25271.75563304379,-0.004830922070706697,-0.0033678399587473303,-419329132.69581807
3456000.0,115312512692.84776,96439438872.62689,150324784894.59186,-19130.128136977954,23816.848770864945,-0.004503449317335337,-0.0037663746545180655,-415929070.8769105
3888000.0,106628071474.9741,106376869589.87816,150617342992.81122,-21075.61824206682,22189.77492011314,-0.00414006562579132,-0.0041303121689836185,-412532994.77810687
4320000.0,97137086590.7274,115577444666.25484,150976022291.34158,-22864.12659240867,20405.480063112216,-0.003744740724327297,-0.004455636657901623,-409148352.5604855
4752000.0,86910354656.33842,123976847685.6972,151405642261.35397,-24481.854585318062,18480.645026898714,-0.003322048432075454,-0.004738872532467462,-405783163.3034162
5184000.0,76024206492.1872,131518292663.56784,151910306687.55362,-25916.97950797466,16433.45209287277,-0.002877072403417135,-0.004977199602941928,-402445853.26230633
5616000.0,64559605964.63448,138153111518.33914,152493360329.25342,-27159.87478625086,14283.301864401856,-0.0024152866687973435,-0.005168547166875609,-399145073.4851277
6048000.0,52601164827.3353,143841210450.52524,153157358181.26657,-28203.278627171312,12050.489488311592,-0.001942416590633595,-0.005311660958707949,-395889505.9357339
6480000.0,40236097683.49209,148551380202.0969,153904048409.2068,-29042.402594325024,9755.851954149759,-0.001464287445692912,-0.005406138606715062,-392687666.39190257
6912000.0,27553144172.611183,152261450640.61978,154734369501.35736,-29674.974770864363,7420.4000760488525,-0.000986668839669658,-0.005452431413592895,-389547712.87214917
7344000.0,14641487028.830523,154958286193.4077,155648461612.7428,-30101.215709601656,5064.949705376722,-0.0005151234329198539,-0.00545181265988535,-386477268.1277177
7776000.0,1589694644.5099888,156637624923.21124,156645691516.388,-30323.749032623033,2709.766636306251,-5.4867979207655765e-05,-0.005406314965647061,-383483263.8300971
8208000.0,-11515284778.458984,157303770048.0211,157724690061.0355,-30347.45199964074,374.23857114672046,0.00038934647920199893,-0.0053186412851870405,-380571812.58915883
8640000.0,-24589053343.636486,156969148055.1531,158883400597.7238,-30179.254320625478,-1923.4144640540812,0.0008133301028811232,-0.005192055649832475,-377748112.02011526
9072000.0,-37550597751.58665,155653751909.88455,160119136505.05786,-29827.895716180832,-4166.38250478171,0.0012135222783153177,-0.00503026068707599,-375016382.948024
9504000.0,-50323012510.14261,153384490982.58643,161428645729.57028,-29303.654091948614,-6339.4551215985375,0.0015870311041039403,-0.0048372691922498184,-372379841.71512425
9936000.0,-62834102031.478264,150194471107.18863,162808180166.9386,-28618.056654975713,-8429.15541265046,0.0019316452226285925,-0.004617276657094347,-369840704.6361088
10368000.0,-75016856827.41385,146122228649.49686,164253567735.25665,-27783.58591880016,-10423.818928515218,0.0022458205201917225,-0.0043745407823760464,-367400221.08128065
10800000.0,-86809803939.95538,141210941722.89322,165760285117.8769,-26813.391454077337,-12313.62054650167,0.00252864543526101,-0.004113272775543674,-365058730.54992455
11232000.0,-98157236085.26172,135507639937.57297,167323529359.58746,-25721.01662604458,-14090.554385536538,0.002779789360070944,-0.003837543829979017,-362815738.4567213
11664000.0,-109009327562.94604,129062431553.15817,168938286762.17627,-24520.147622493932,-15748.373320087474,0.0029994389091084093,-0.0035512087594627988,-360670005.16831815
12096000.0,-119322147692.3767,121927763887.1174,170599397819.66995,-23224.3900137591,-17282.495504175404,0.0031882267193305454,-0.003257847450544751,-358619643.0294906
12528000.0,-129057584366.68645,114157729568.00839,172301617237.58408,-21847.076071008305,-18689.885602810737,0.003347157030721599,-0.0029607236878780945,-356662216.6179966
12960000.0,-138183191312.51132,105807427938.83087,174039668375.74988,-20401.104233736572,-19968.918235974073,0.0034775316727832855,-0.002662760053361894,-354794842.16461515
13392000.0,-146671972906.0348,96932387794.79077,175808291726.38104,-18898.810551094193,-21119.23057902641,0.0035808793502647963,-0.0023665270122779137,-353014282.87467104
13824000.0,-154502120050.17557,87588054816.0817,177602287278.24368,-17351.8706717798,-22141.57024833047,0.0036588903637599494,-0.002074243962755742,-351317037.7078843
14256000.0,-161656709802.76126,77829344616.15027,179416550818.57318,-15771.230034635504,-23037.643640240953,0.0037133581823709984,-0.0017877899037508263,-349699421.9514932
14688000.0,-168123380299.01038,67710260312.06738,181246104384.87662,-14167.059299851233,-23809.96887866131,0.0037461286502988318,-0.0015087214260330966,-348157638.6141426
15120000.0,-173893991159.9294,57283571942.77969,183086121199.97852,-12548.731722922137,-24461.73653470761,0.0037590570814621336,-0.001238295902731404,-346687840.25034916
15552000.0,-178964278129.84637,46600553892.51034,184931945508.68103,-10924.819063730496,-24996.680364687574,0.0037539730845188722,-0.0009774980061061705,-345286181.2883613
15984000.0,-183333509228.91534,35710775681.01952,186779107787.59192,-9303.102691218344,-25418.95950332544,0.0037326526614373354,-0.0007270679672711232,-343948861.28050447
16416000.0,-187004148306.37762,24661941009.42093,188623335826.04736,-7690.596741477415,-25733.052865186568,0.003696796924614297,-0.00048753029547386365,-342672159.73516005
16848000.0,-189981530584.06625,13499769744.729074,190460562180.7969,-6093.5804700440385,-25943.665952831278,0.0036480166646925003,-0.00025922196145530823,-341452463.3383859
17280000.0,-192273553616.1095,2267917533.438645,192286928495.16684,-4517.637270896878,-26055.64984017997,0.003587821956368935,-4.231931104758812e-05,-340286286.4477515
17712000.0,-193890386074.74426,-8992072097.071575,194098787149.25635,-2967.6981857454984,-26073.93178255253,0.003517615995730831,0.00016313679746467836,-339170285.7579947
18144000.0,-194844195907.1927,-20240788006.289246,195892700675.23196,-1448.0880755897795,-26003.456686047786,0.003438692404821122,0.0003572179487346584,-338101270.0130077
18576000.0,-195148898690.1688,-31440948573.429558,197665439334.20126,37.4270432929452,-25849.138532194414,0.003352235304376706,0.0005400873820880686,-337076205.58473206
19008000.0,-194819926426.74426,-42557379785.540146,199413977211.05896,1485.5926947836822,-25615.820783132367,0.0032593215337085534,0.0007119815046505565,-336092218.66772217
19440000.0,-193874016571.64432,-53556977945.69138,201135487143.11328,2893.619597345777,-25308.244773123326,0.003160924479669086,0.0008731936627674595,-335146594.75700104
19872000.0,-192329020720.54407,-64408660240.62051,202827334758.6936,4259.138972562822,-24931.025110807783,0.0030579190589378135,0.0010240600662997357,-334236775.99281853
20304000.0,-190203732141.16934,-75083305995.58292,204487071864.35046,5580.160006023958,-24488.631162166297,0.002951087475650174,0.001164947719267251,-333360356.8735991
20736000.0,-187517731144.03912,-85553691056.0585,206112429384.3621,6855.029795504834,-23985.373747442845,0.0028411254473663106,0.0012962441860432572,-332515078.7607908
21168000.0,-184291247174.63638,-95794417377.46574,207701310024.446,8082.39598876708,-23425.396259072157,0.0027286486553169016,0.0014183490109879859,-331698823.5283503
21600000.0,-180545036444.1641,-105781839578.4716,209251780803.00784,9261.172207863981,-22812.669486325347,0.00261419922937787,0.0015316666077039229,-330909606.6461554
22032000.0,-176300273891.87515,-115493989922.06609,210762065567.94916,10390.506274955222,-22150.989511797252,0.0024982521244816666,0.0016366004392291697,-330145569.93104166
22464000.0,-171578458278.85486,-124910502930.97716,212230537594.89557,11469.751192731303,-21443.978122050252,0.0023812212836969,0.0017335483202274638,-329404974.15120727
22896000.0,-166401329243.17062,-134012540618.8458,213655712343.50806,12498.438787288364,-20695.085247711988,0.002263465514734559,0.0018228986848383064,-328686191.62901175
23328000.0,-160790795192.95114,-142782719123.77774,215036240432.07498,13476.255889653694,-19907.59301586184,0.0021452940319984957,0.0019050276779910232,-327987698.9530368
23760000.0,-154768870971.90692,-151205037363.94138,216370900876.5959,14403.022911477045,-19084.62105896972,0.0020269716363391344,0.0019802969426839126,-327308069.8820048
24192000.0,-148357624296.81876,-159264808193.10056,217658594628.7928,15278.67465837555,-18229.13277973027,0.0019087235202098023,0.002049051990288526,-326645968.50001854
24624000.0,-141579130035.28268,-166948592414.62622,218898338437.66946,16103.243219106185,-17343.942319925627,0.0017907396977186682,0.002111621054887265,-326000142.6638731
25056000.0,-134455431461.95529,-174244135912.96048,220089259051.12863,16876.84276852065,-16431.72202421433,0.0016731790677912849,0.002168314345690364,-325369417.7682742
25488000.0,-127008507700.78064,-181140310079.196,221230587767.52942,17599.656125806487,-15495.010226876093,0.001556173124899055,0.0022194236235356826,-324752690.84301955
25920000.0,-119260246627.80165,-187627055640.04712,222321655341.70847,18271.92291576288,-14536.219221508678,0.0014398293360731278,0.0022652220382763147,-324148924.9870866
26352000.0,-111232422573.18443,-193695329944.90323,223361887245.70804,18893.92918894647,-13557.64330097331,0.0013242342056372762,0.0023059641734987685,-323557144.13760585
26784000.0,-102946678221.36313,-199337057721.9662,224350799281.08875,19465.998365781772,-12561.466778021842,0.0012094560506107628,0.00234188625352604,-322976428.1665238
27216000.0,-94424510164.3508,-204545085279.9826,225287993537.1012,19988.483379645622,-11549.771916498594,0.0010955475103428321,0.0023732064751123285,-322405908.2939998
27648000.0,-85687257615.05878,-209313138105.30432,226173154687.02216,20461.759904113725,-10524.546719250067,0.000982547813878477,0.0024001254327139015,-321844762.8049793
28080000.0,-76756093834.87302,-213635781783.64294,227006046613.51233,20886.22055970923,-9487.692532317662,0.0008704848280076208,0.002422826611816413,-321292213.0536918
28512000.0,-67652019872.80758,-217508386160.80237,227786509352.83124,21262.27000540852,-8441.031436012972,0.0007593769080642545,0.0024414769296079164,-320747519.73983586
28944000.0,-58395860252.42581,-220927092645.9044,228514456347.06104,21590.32082969228,-7386.313402422353,0.000649234572433059,0.002456227306401984,-320209979.43979156
29376000.0,-49008260277.575874,-223888784553.33588,229189871993.08063,21870.79016498336,-6325.223206056696,0.0005400620204762474,0.0024672132547249575,-319678921.37619877
29808000.0,-39509684659.048386,-226391060375.12747,229812809476.8263,22104.096957829097,-5259.387080015515,0.0004318585122787018,0.0024745554759675755,-319153704.40956324
30240000.0,-29920417191.768467,-228432209873.1207,230383388881.33176,22290.659835133498,-4190.379114397522,0.00032461962727306916,0.0024783604570385686,-318633714.23611796
30672000.0,-20260561236.330692,-230011192879.57324,230901795557.1055,22430.895514115462,-3119.7273969568605,0.0002183384174825871,0.002478721061613756,-318118360.7769075
31104000.0,-10550040779.820677,-231127620695.3573,231368278743.54953,22525.21771046794,-2048.919898339718,0.00011300646983094597,0.002475717112408372,-317607075.7439321
31536000.0,-808601869.1856619,-231781739976.247,231783150430.3094,22574.03650543491,-979.4101057793014,8.61489072974975e-06,0.002469415962465653,-317099310.37014943
31968000.0,8944185773.845995,-231974418999.65408,232146784447.651,22577.75813823016,87.37759000586084,-9.484477502760998e-05,0.0024598730547970345,-316594533.2911451
32400000.0,18688927133.914047,-231707136206.28232,232459615775.15656,22536.785195418233,1150.0427496781797,-0.00019737968015963128,0.002447132470868697,-316092228.567353
32832000.0,28406400445.619667,-230981970913.29965,232722140058.20184,22451.517173589273,2207.203977093457,-0.0002989948557379812,0.002431227469439768,-315591893.8367895
33264000.0,38077556056.63161,-229801596097.56693,232934913321.80157,22322.351395910464,3257.494243891437,-0.00039969242815134754,0.002412181018148488,-315093038.58937496
33696000.0,47683515759.809265,-228169273149.04034,233098551871.47208,22149.684266949083,4299.556443731583,-0.0004994708643386948,0.002390006321038497,-314595182.5550426
34128000.0,57205572737.8381,-226088848495.51956,233213732370.7463,21933.912853554768,5332.039174420214,-0.0005983242383776973,0.0023647073459382795,-314097854.19896543
34560000.0,66625192259.24226,-223564752000.30585,233281192084.87265,21675.4367825756,6353.592747865551,-0.0006962415134318861,0.002336279356268945,-313600589.3183856
34992000.0,75924013261.21358,-220601997033.93576,233301729280.02386,21374.660448773026,7362.865429773736,-0.0007932058339696703,0.002304709452471333,-313102929.73670053
35424000.0,85083850952.30415,-217206182119.84448,233276203767.02155,21031.99552849813,8358.499913241352,-0.0008891938240839839,0.0022699771288219577,-312604422.09164417
35856000.0,94086700566.50241,-213383494051.47958,233205537578.13837,20647.86379649385,9339.130032892437,-0.0009841748886777395,0.002232054851953757,-312104616.7156265
36288000.0,102914742399.37546,-209140712374.92453,233090715764.95862,20222.700244585067,10303.37772893646,-0.0010781105152531249,0.0021909086679140714,-311603066.60753673
36720000.0,111550348256.63692,-204485215126.4036,232932787304.5539,19756.956501995715,11249.85027347534,-0.0011709535750679036,0.0021464988450768507,-311099326.4966136
37152000.0,119976089445.50233,-199424985708.03043,232732866100.34973,19251.10455756638,12177.137774548539,-0.0012626476235154556,0.0020987805606735247,-310592952.000306
37584000.0,128174746439.32555,-193968620777.74786,232492132063.0166,18705.640784207706,13083.810976759502,-0.0013531262007631236,0.0020477046391076765,-310083498.8794396
38016000.0,136129320346.05766,-188125339020.50333,232211832255.50522,18121.090265478037,13968.419380854019,-0.0014423121349609296,0.001993218350559177,-309570522.3954258
38448000.0,143823046310.8067,-181904990657.247,231893282084.95728,17498.011423174914,14829.489708295583,-0.001530116851724056,0.001935266278645405,-309053576.77573
38880000.0,151239408981.9502,-175318067536.27036,231537866522.65295,16837.000943230123,15665.524740670398,-0.001616439695110223,0.0018737912660678534,-308532214.79534733
39312000.0,158362160168.59546,-168375713637.68143,231147041331.40527,16138.698994942506,16475.00256761171,-0.001701167266967129,0.001808735447203485,-308005987.4835925
39744000.0,165175338814.3954,-161089735806.42374,230722334277.8798,15403.794735612706,17256.376280803615,-0.0017841727933218543,0.0017400413764683497,-307474443.96711016
40176000.0,171663293408.48962,-153472614512.19556,230265346305.20975,14633.032088897666,18008.074155437942,-0.0018653155284252508,0.0016676532609473,-306937131.4616161
40608000.0,177810706948.305,-145537514415.96085,229777752639.00552,13827.215780617957,18728.500364167176,-0.001944440209145152,0.0015915183052036908,-306393595.426467
41040000.0,183602624560.7362,-137298294502.54546,229261303797.4319,12987.217610267251,19416.03627201517,-0.002021376574610582,0.0015115881753074946,-305843379.8977051
41472000.0,189024483877.4416,-128769517517.2206,228717826473.47574,12113.98293003548,20069.04236374801,-0.002095938968322713,0.001427820587895102,-305286028.0166731
41904000.0,194062148246.2048,-119966458421.38379,228149224254.8757,11208.537295720067,20685.860857718693,-0.0021679260423335136,0.001340181028441876,-304721082.77261096
42336000.0,198701942843.09366,-110905111558.72336,227557478144.47437,10271.99324543199,21264.819062005583,-0.0022371205855020305,0.0012486446008297938,-304148087.97874016
42768000.0,202930693729.0459,-101602196198.94432,226944646841.0317,9305.557152495112,21804.233529564055,-0.0023032895002073565,0.001153198007668076,-303566589.5021708
43200000.0,206735769869.08044,-92075160101.68114,226312866737.86713,8310.536088405534,22302.415068876664,-0.00236618395414441,0.0010538416576185339,-302976136.76838326
43632000.0,210105128102.14252,-82342180719.17072,225664351594.14587,7288.344620215148,22757.67466496787,-0.002425539735851761,0.0009505918921404882,-302376284.5610119
44064000.0,213027361014.24368,-72422163633.26518,225001391831.28702,6240.5114543271875,23168.330362372562,-0.002481077844296163,0.0008434833195650922,-301766595.1369815
44496000.0,215491747626.70605,-62334737801.20498,224326353404.9376,5168.685825591245,23532.71515642468,-0.00253250534402073,0.0007325712392158377,-301146640.67567873
44928000.0,217488306764.70023,-52100247166.15581,223641676201.35312,4074.6435169742895,23849.185931765922,-0.0025795165178856554,0.0006179341324148703,-300516006.0785644
45360000.0,219007852918.71616,-41739738173.86903,222949871905.97162,2960.2923812476865,24116.133476969146,-0.00262179434910546,0.0004996761906889563,-299874292.13235056
45792000.0,220042054353.11142,-31274942727.112797,222253521291.6138,1827.6772224341278,24331.993591346774,-0.0026590123629127594,0.00037792984438933693,-299221119.04441524
46224000.0,220583493151.59485,-20728256106.011333,221555270874.236,678.9838816558158,24495.259284122967,-0.002690836855544021,0.00025285824738879566,-298556130.3533652
46656000.0,220625726819.80563,-10122709386.489868,220857828885.6676,-483.4576399392013,24604.494046994925,-0.002716929534136083,0.0001246576656950505,-297878997.21048623
47088000.0,220163350990.6626,518064097.9132758,220163960515.44684,-1657.171198685989,24658.346158575187,-0.002736950585343186,-6.440290037596518e-06,-297189423.0191229
47520000.0,219192062699.81073,11169868682.073769,219476482377.89062,-2839.5338515542453,24655.563953278946,-0.002750562182860119,-0.00014016665569912645,-296487148.40879285
47952000.0,217708723617.53226,21807993078.913677,218798256166.0513,-4027.7767145498165,24595.011958016923,-0.00275743243443988,-0.0002762134031499799,-295771956.50905657
48384000.0,215711422541.5243,32407264219.702255,218132181461.36447,-5218.987526227845,24475.687767856132,-0.002757239757362452,-0.0004142321082543138,-295043678.47493184
48816000.0,213199536373.95483,42942108508.93068,217481187676.68634,-6410.115101408424,24296.739497090268,-0.0027496776576723084,-0.0005538330821378432,-294302199.2011717
49248000.0,210173788728.55368,53386620699.11323,216848225121.13327,-7597.975849522862,24057.483605606718,-0.0027344598729953816,-0.0006945850523972442,-293547463.14726
49680000.0,206636305241.89087,63714640496.326035,216236255187.6904,-8779.262514656866,23757.422862971107,-0.00271132582164522,-0.0008360154803983088,-292779480.17900294
50112000.0,202590664600.48975,73899836896.62262,215648239678.9168,-9950.555269607601,23396.26417543904,-0.0026800462824583273,-0.0009776115969590013,-291998331.31659746
50544000.0,198041944245.31052,83915800127.07686,215087129302.1277,-11108.335263629599,22973.93596555275,-0.0026404292109500267,-0.0011188222311194786,-291204174.26374924
50976000.0,192996759680.89035,93736140924.16542,214555851382.98685,-12249.00068276001,22490.604761709135,-0.0025923255787097988,-0.001259060494948406,-290397248.5785788
51408000.0,187463296301.53745,103334596728.31914,214057296865.21402,-13368.885332762642,21946.690627891425,-0.0025356351053697256,-0.001397707371165012,-289577880.3355738
51840000.0,181451332654.83173,112685144209.35008,213594306683.7139,-14464.279698282364,21342.88104354814,-0.002470311737021844,-0.001534116229710392,-288746486.11971086
52272000.0,174972254096.36874,121762117366.53613,213169657618.4011,-15531.4543686758,20680.14283231325,-0.002396368712756768,-0.0016676182744692677,-287903576.1900049
52704000.0,168039055851.77603,130540330273.66818,212786047755.75552,-16566.685652586726,19959.731737742524,-0.002313883053200706,-0.0017975288926039953,-287049756.65112346
53136000.0,160666334594.39832,138995203368.34628,212446081704.05756,-17566.28313156943,19183.1992561376,-0.0022229993026446236,-0.001923154847210626,-286185730.47910774
53568000.0,152870267770.63196,147102892021.8948,212152255725.6226,-18526.61883031191,18352.39636214261,-0.002123932360552778,-0.0020438022203571092,-285312297.2612878
54000000.0,144668580059.50934,154840415977.55447,211906942964.44556,-19444.15761007071,17469.473802948338,-0.0020169692496389865,-0.002158784979430701,-284430351.5315281
54432000.0,136080496537.33647,162185788116.42752,211712378959.7452,-20315.488325914754,16536.878691834274,-0.0019024696867097706,-0.002267434006768039,-283540879.6099496
54864000.0,127126682329.13503,169118140909.26038,211570647644.27332,-21137.355230573376,15557.34720091048,-0.0017808653490843198,-0.0023691064025969408,-282644954.8908644
55296000.0,117829168762.07358,175617848843.41458,211483668030.2988,-21906.6890613778,14533.893234988602,-0.0016526577631290724,-0.002463194846270674,-281743731.56295884
55728000.0,108211266286.36526,181666645083.43445,211453181785.39948,-22620.63721504956,13469.79306139967,-0.0015184147813028846,-0.0025491367824345356,-280838436.7904746
56160000.0,98297464689.39091,187247730634.51657,211480741894.24088,-23276.592400572405,12368.56597138795,-0.001378765658617153,-0.0026264231887226934,-279930361.43157893
56592000.0,88113321391.20674,192345874333.57007,211567702591.24057,-23872.219165095015,11233.951153859747,-0.0012343947866540498,-0.0026946066810672772,-279020849.4182248
57024000.0,77685338865.55344,196947502093.41373,211715210732.46265,-24405.477712929565,10069.881067638684,-0.001086034190995682,-0.0027533087224452207,-278111285.9683261
57456000.0,67040832471.13767,201040773971.12482,211924198753.545,-24874.6444834397,8880.45169954235,-0.0009344549436375595,-0.002802225721032291,-277203084.8436463
57888000.0,56207790194.59101,204615647818.84616,212195379334.43613,-25278.329019091125,7669.890188056399,-0.000780457683201037,-0.002841133833771385,-276297674.9031602
58320000.0,45214725991.00879,207663928499.78964,212529241861.93237,-25615.486738233973,6442.520371867161,-0.0006248624701855194,-0.002869892330136236,-275396486.22972715
58752000.0,34090528553.27376,210179301907.32657,212926050748.3589,-25885.427325354118,5202.726885248307,-0.0004684982301139917,-0.0028884454166293863,-274500936.12610304
59184000.0,22864307441.872387,212157353303.03732,213385845630.27197,-26087.81856076336,3954.9184652644117,-0.00031219205272538513,-0.0028968224730552355,-273612415.2834809
59616000.0,11565238558.798704,213595569781.4258,213908443435.9099,-26222.685527540725,2703.49115690455,-0.00015675861947724194,-0.0028951367042850795,-272732274.4214158
60048000.0,222410950.6004512,214493326965.05835,214493442275.4467,-26290.405251154894,1452.7921006533954,-2.990024358354625e-06,-0.0028835822633669654,-271861811.68233645
60480000.0,-11135323123.051392,214851860324.38132,215140227075.0457,-26291.696941677703,207.08456287886634,0.00014835376510499235,-0.002862429950770885,-271002261.0377135
60912000.0,-22479493015.326683,214674221791.97864,215847976845.31992,-26227.608115152347,-1029.4851758541558,0.000296553587556091,-0.0028320216378909316,-270154781.9277634
61344000.0,-33782147712.71046,213965222592.93475,216615673447.99292,-26099.496965328115,-2252.918523423038,0.0004409387248697287,-0.0027927635986595076,-269320450.3142534
61776000.0,-45015985527.437164,212731363433.8979,217442111702.06104,-25909.01143618439,-3459.3923980439454,0.0005808933547526973,-0.002745118959817373,-268500251.2787364
62208000.0,-56154474147.15014,210980753377.56442,218325910653.10507,-25658.065506931227,-4645.28378868505,0.0007158617220469929,-0.002689599497198749,-267695073.24883592
62640000.0,-67171959957.13677,208723018872.56985,219265525816.9016,-25348.813243006927,-5807.19077147491,0.0008453519778977431,-0.002626757012141765,-266905703.88538128
63072000.0,-78043765794.35417,205969204508.9757,220259262201.21655,-24983.621188555102,-6941.949800720153,0.0009689386806640847,-0.0025571745192336085,-266132827.61553794
63504000.0,-88746276541.63986,202731667126.32587,221305287907.5071,-24565.039678508216,-8046.649193029072,0.0010862639938551979,-0.002481457464981505,-265377024.75348717
63936000.0,-99257012216.9608,199023964915.96497,222401648116.89044,-24095.77363316277,-9118.638817901083,0.0011970376528159228,-0.0024002251780092924,-264638772.1122719
64368000.0,-109554688449.02756,194860743134.8213,223546279271.6942,-23578.653367146293,-10155.536094801097,0.0013010358021675783,-0.00231410272663354,-263918444.979204
64800000.0,-119619264450.86288,190257617988.2396,224737023274.59174,-23016.6059006099,-11155.228472706785,0.0013980988294076582,-0.0022237133309285146,-263216320.30337048
65232000.0,-129431978801.95668,185231060149.69467,225971641541.07916,-22412.62720630579,-12115.872631667904,0.001488128336328272,-0.0021296714454057323,-262532580.92744935
65664000.0,-138975373523.76132,179798279270.90045,227247828757.1648,-21769.755765011978,-13035.890696083181,0.0015710833991863125,-0.0020325765968636127,-261867320.6870286
66096000.0,-148233307080.10162,173977110702.78598,228563226211.90216,-21091.04773656349,-13913.963785928261,0.0016469762713542274,-0.0019330080312612806,-261220550.19834876
66528000.0,-157190957052.46445,167785905501.85193,229915434593.12625,-20379.553987338466,-14749.023255433134,0.0017158676792678913,-0.001831520194836874,-260592203.15906894
66960000.0,-165834813330.1068,161243424643.0842,231302026153.81766,-19638.299149894738,-15540.239979602664,0.0017778618548105383,-0.0017286390490356292,-259982142.99529368
67392000.0,-174152662717.46524,154368738204.95224,232720556175.3673,-18870.262828616585,-16287.012048786055,0.0018331014358607442,-0.0016248591967530722,-259390169.70065606
67824000.0,-182133565898.24457,147181130138.50925,234168573672.17102,-18078.363008324744,-16988.951221783384,0.001881762352632788,-0.0015206417792716321,-258816026.728662
68256000.0,-189767827709.192,139700009084.99142,235643631299.07047,-17265.44167198738,-17645.86847042873,0.0019240488016444039,-0.0014164130891649049,-258259407.81673604
68688000.0,-197046961669.7115,131944825567.59006,237143294438.88248,-16434.252589677,-18257.758924947968,0.0019601883925590372,-0.0013125638342464862,-257719963.63856256
69120000.0,-203963649689.1655,123934995755.51134,238665149461.4227,-15587.451204091494,-18824.78650134245,0.001990427536538807,-0.0012094489810734826,-257197308.19959044
69552000.0,-210511697835.0435,115689831883.60947,240206811157.90717,-14727.58650830673,-19347.268461166193,0.002015027128738754,-0.0011073881031892566,-256691024.9082948
69984000.0,-216685988995.19513,107228479309.70087,241765929365.36108,-13857.094788691587,-19825.660121743953,0.0020342585626528993,-0.0010066661587466328,-256200672.27248085
70416000.0,-222482433208.91162,98569860104.50252,243340194804.67877,-12978.295089625535,-20260.5399023225,0.002048400100527271,-0.0009075346239018678,-255725789.1851856
70848000.0,-227897916377.44946,89732622995.87367,244927344163.3305,-12093.386246197753,-20652.594859848108,0.002057733612194227,-0.0008102129119212634,-255265899.77835202
71280000.0,-232930247996.9858,80735099429.1821,246525164459.48724,-11204.445325729846,-21002.606837798096,0.0020625416845553675,-0.0007148900128315028,-254820517.83428705
71712000.0,-237578108488.0319,71595265458.37599,248131496728.66275,-10313.427318001928,-21311.439323341303,0.0020631050955545824,-0.0006217262942481899,-254389150.75494623
72144000.0,-241840996626.73233,62330709146.72366,249744239076.98975,-9422.165916722348,-21580.025082456523,0.0020597006397746888,-0.0005308554103639754,-253971303.097342
72576000.0,-245719177516.6577,52958603131.05057,251361349147.10907,-8532.375240339683,-21809.35461973376,0.00205259928764506,-0.00044238627265510316,-253566479.68995613
73008000.0,-249213631475.75574,43495681987.45159,252980846043.50446,-7645.652348077017,-22000.465489520764,0.0020420646565131443,-0.0003564050424190022,-253174188.3500886
73440000.0,-252326004152.89645,33958224028.66042,254600811764.1187,-6763.480416463339,-22154.432467845774,0.002028351769339394,-0.0002729771115878317,-252793942.2257521
73872000.0,-255058558132.50803,24362037162.31456,256219392184.37775,-5887.23245210872,-22272.358580051718,0.0020117060753446067,-0.00019214904422747497,-252425261.78819227
74304000.0,-257414126234.51645,14722448444.117264,257834797638.46707,-5018.1754275598505,-22355.36696715799,0.0019923627063942683,-0.00011395045662780876,-252067676.50257152
74736000.0,-259396066670.36322,5054296969.29616,259445303140.9691,-4157.474738397526,-22404.5935644212,0.001970545943078187,-3.8395818856480954e-05,-251720726.20494428
75168000.0,-261008220174.31046,-4628070241.182934,261049248289.89383,-3306.1988909877496,-22421.1805581672,0.0019464688651805726,3.4513834944796766e-05,-251383962.2135564
75600000.0,-262254869192.46942,-14310799687.344795,262645036889.8117,-2465.3243412297425,-22406.27058147105,0.001920333162397373,0.00010478929639954724,-251056948.20185843
76032000.0,-263140699179.83105,-23980530479.714657,264231136331.31668,-1635.7404150740772,-22361.001605426445,0.0018923290826230721,0.00017245167845541403,-250739260.85954612
76464000.0,-263670762027.78534,-33624391362.23885,265806076760.47217,-818.2542513809101,-22286.502480333707,0.0018626354967955733,0.0002375310194721274,-250430490.3665821
76896000.0,-263850441620.9049,-43229995939.25403,267368450069.2901,-13.595716765222392,-22183.889079921748,0.0018314200610693803,0.0003000649963544531,-250130240.7035631
77328000.0,-263685421501.809,-52785436356.8404,268916908735.70728,777.5777496167499,-22054.261001496623,0.0017988394589148174,0.0003600977453888929,-249838129.8200898
77760000.0,-263181654606.38428,-62279275668.66921,270450164538.99274,1554.676395867951,-21898.69877548862,0.0017650397075595879,0.0004176787879750046,-249553789.68102404
78192000.0,-262345335018.17752,-71700539096.61678,271966987174.0783,2317.173549533693,-21718.261539083418,0.0017301565149566809,0.0004728620573158744,-249276866.2087322
78624000.0,-261182871680.05533,-81038704377.20856,273466202785.96924,3064.6011639949793,-21513.98513032296,0.0016943156751487573,0.000525705021301118,-249007019.13766122
79056000.0,-259700863992.93002,-90283691366.56042,274946692443.1838,3796.5455356592424,-21286.880561120877,0.0016576334914822585,0.0005762678962359263,-248743921.7959013
79488000.0,-257906079225.16806,-99425851059.03108,276407390567.09625,4512.643203979578,-21037.932829946956,0.0016202172185909804,0.000624612945700522,-248487260.8267781
79920000.0,-255805431651.94772,-108455954158.37895,277847283332.12775,5212.577042410881,-20768.100037404332,0.0015821655154113008,0.0006708038586291274,-248236735.86200696
80352000.0,-253405963341.05215,-117365179324.88123,279265407049.93915,5896.072545068563,-20478.31277047655,0.0015435689027072936,0.0007149052006433316,-247992059.15654027
80784000.0,-250714826500.13312,-126145101207.64467,280660846549.13794,6562.894311038114,-20169.47372379863,0.001504510219674808,0.0007569819327327002,-247752955.19394162
81216000.0,-247739267300.14636,-134787678358.21854,282032733560.507,7212.842725937631,-19842.457528858104,0.0014650650751634824,0.0007970989915205828,-247519160.26994714
81648000.0,-244486611090.24768,-143285241109.58847,283380245116.3929,7845.750838408256,-19498.11076452121,0.0014253022899107359,0.0008353209255639876,-247290422.06080517
82080000.0,-240964248920.77917,-151630479493.6554,284702601971.6558,8461.481427649695,-19137.25212467757,0.001385284326929394,0.0008717115823949777,-247066499.18202367
82512000.0,-237179625292.92007,-159816431260.33966,285999067052.4658,9059.924256883192,-18760.672721082938,0.001345067707839188,0.0009063338413023499,-246847160.74229923
82944000.0,-233140227055.99265,-167836470052.4479,287268943938.2302,9640.993506669722,-18369.13650164032,0.0013047034134904079,0.0009392493871639678,-246632185.89663652
83376000.0,-228853573376.1917,-175684293782.3415,288511575381.0444,10204.625381297577,-17963.380766385486,0.0012642372677042896,0.0009705185209620657,-246421363.40199763
83808000.0,-224327206703.54715,-183353913249.192,289726341866.26556,10750.77588094583,-17544.116765329873,0.0012237103033577203,0.0010002000029381457,-246214491.17822233
84240000.0,-219568684667.15164,-190839641029.14032,290912660217.1075,11279.418731996366,-17112.030364060593,0.0011831591103777556,0.001028350924664566,-246011375.87645042
84672000.0,-214585572832.02164,-198136080664.9322,292069982245.5354,11790.543467679556,-16667.7827646055,0.0011426161654919307,0.0010550266066218083,-245811832.45682153
85104000.0,-209385438254.3497,-205238116176.52466,293197793451.20374,12284.15365117207,-16212.01127054488,0.0011021101438105048,0.001080280518170216,-245615683.77684292
85536000.0,-203975843775.3041,-212140901909.68857,294295611769.7024,12760.265233298207,-15745.330086695345,0.0010616662125032983,0.0011041642170903038,-245422760.19147757
85968000.0,-198364342996.8982,-218839852735.71582,295362986370.97516,13218.905037099632,-15268.331144912334,0.0010213063069824222,0.0011267273061347821,-245232899.16572315
86400000.0,-192558475886.754,-225330634611.92792,296399496508.41815,13660.109361716039,-14781.584948662108,0.0009810493901185385,0.0011480174042874304,-245045944.90020207
86832000.0,-186565764961.80194,-231609155509.72107,297404750418.8668,14083.922698247246,-14285.641430009939,0.0009409116951069867,0.001168080130658311,-244861747.97008657
87264000.0,-180393712004.0653,-237671556714.33337,298378384273.4259,14490.396550533465,-13781.030813565549,0.0009009069526654589,0.0011869590991616188,-244680164.9774998
87696000.0,-174049795264.66776,-243514204498.33273,299320061178.8802,14879.588354084945,-13268.264482727729,0.0008610466032907038,0.0012046959223220176,-244501058.2173987
88128000.0,-167541467115.0568,-249133682168.9674,300229470229.24603,15251.560486706529,-12747.835844284618,0.0008213399953312219,0.0012213302227381563,-244324295.35682106
88560000.0,-160876152107.1552,-254526782487.95422,301106325606.87744,15606.379364689616,-12220.221188061734,0.0007817945696489422,0.001236899650898909,-244149749.12728295
88992000.0,-154061245406.72623,-259690500460.97223,301950365732.41925,15944.11461877796,-11685.880538873405,0.000742416031647999,0.001251439908199654,-243977297.0300369
89424000.0,-147104111566.669,-264622026493.0516,302761352462.80743,16264.838344449896,-11145.258498531155,0.0007032085114449783,0.001264984774143428,-243806821.05383813
89856000.0,-140012083609.24667,-269318739905.17218,303539070336.4436,16568.624421394128,-10598.785076101194,0.0006641747129442919,0.0012775661368360845,-243638207.404815
90288000.0,-132792462388.39015,-273778202806.68744,304283325864.61536,16855.547897386063,-10046.876504988006,0.0006253160525661921,0.001289214025996642,-243471346.2480095
90720000.0,-125452516205.22232,-277998154317.6485,304993946868.19714,17125.68443209466,-9489.936045757457,0.0005866327883546552,0.0012999566478047338,-243306131.46012247
91152000.0,-117999480651.81049,-281976505134.69574,305670781858.64294,17379.10979666387,-8928.354773905812,0.0005481241401690795,0.0013098204209974693,-243142460.39298135
91584000.0,-110440558659.88423,-285711332433.8989,306313699462.269,17615.89942521691,-8362.512352034906,0.0005097884016383634,0.001318830013708997,-242980233.64723822
92016000.0,-102782920732.85684,-289200875103.73883,306922587886.8238,17836.128014724683,-7792.77778611262,0.0004716230445292306,0.001327008380618452,-242819354.85579973
92448000.0,-95033705340.96466,-292443529301.3272,307497354429.3504,18039.869169961312,-7219.510165685449,0.00043362481615327226,0.0013343768000366476,-242659730.47649062
92880000.0,-87200019460.69649,-295437844324.9383,308037925024.3585,18227.195090539524,-6643.059388069617,0.0003957898304096037,0.001340954910619607,-242501269.5934562
93312000.0,-79288939240.92824,-298182518795.9646,308544243831.34644,18398.176297276474,-6063.766866681946,0.0003581136530326858,0.0013467607474484894,-242343883.726814
93744000.0,-71307510779.31302,-300676397143.5053,309016272860.7359,18552.881395386594,-5481.9662237841985,0.0003205913815880753,0.0013518107772614338,-242187486.65007967
94176000.0,-63262750993.50726,-302918466384.93225,309453991637.31244,18691.376872232642,-4897.983968007259,0.0002832177207328942,0.00135611993266384,-242031994.21489707
94608000.0,-55161648572.74573,-304907853195.95465,309857396900.2982,18813.726927589254,-4312.14015709648,0.00024598705323281575,0.0013597016451802446,-241877324.18261942
95040000.0,-47011164996.115906,-306643821263.9053,310226502339.2133,18919.99333458583,-3724.7490463786144,0.00020889350720355144,0.001362567877043857,-241723396.06230354
95472000.0,-38818235604.63065,-308125768918.1981,310561338364.7221,19010.235329697764,-3136.119723495668,0.00017193102002219872,0.0013647291516492963,-241570130.9546919
95904000.0,-30589770714.860905,-309353227032.14954,310861951913.695,19084.509530347354,-2546.556729983172,0.00013509339933250823,0.0013661945826207637,-241417451.40177575
96336000.0,-22332656762.472332,-310325857190.60876,311128406287.7521,19142.869878858997,-1956.360670291002,9.837438154813425e-05,0.0013669719014721094,-241265281.24154952
96768000.0,-14053757464.514225,-311043450118.1043,311360781024.59375,19185.36761168779,-1365.8288088550507,6.176768823924793e-05,0.0013670674838573657,-241113545.46758035
97200000.0,-5759914989.740119,-311505924362.47595,311559171801.4567,19212.051253007146,-775.2556558286688,2.5267080770511804e-05,0.0013664863744308048,-240962170.0930395
97632000.0,2542048873.3998265,-311713325229.2231,311723690370.06824,19222.966631900006,-184.93354207456105,-1.1133586457729676e-05,0.0013652323103546043,-240811082.0188575
98064000.0,10845331561.161085,-311665823962.0555,311854464522.50525,19218.156922550268,404.846815998628,-4.744031382814099e-05,0.0013633077435101614,-240660208.90568146
98496000.0,19143148601.13887,-311363717165.38165,311951638087.39496,19197.662706976513,993.7957611950178,-8.36589050619076e-05,0.0013607138614862779,-240509479.04933336
98928000.0,27428732510.803585,-310807426464.7024,312015370955.92035,19161.52205998977,1581.62414935709,-0.00011979491620083274,0.0013574506074340174,-240358821.2594886
99360000.0,35695331737.49863,-309997498401.09924,312045839137.12036,19109.77065619101,2168.0428117685856,-0.00015585360471769157,0.0013535166988943579,-240208164.74130762
99792000.0,43936209649.40973,-308934604556.208,312043234841.9967,19042.441898952966,2752.762025690948,-0.00019183987846762144,0.0013489096457209265,-240057438.9797771
100224000.0,52144643587.01784,-307619541904.248,312007766595.95593,18959.567071454952,3335.4909926423884,-0.0002277582442037672,0.001343625767236462,-239906573.62653598
100656000.0,60313923984.60323,-306053233387.8341,311939659379.1314,18861.175509958925,3915.9373240885398,-0.0002636127553903082,0.0013376602087782526,-239755498.3889802
101088000.0,68437353571.47451,-304236728714.4264,311839154794.13824,18747.294799630312,4493.806534280745,-0.000299406959055531,0.0013310069578049346,-239604142.9214623
101520000.0,76508246662.75142,-302171205370.3704,311706511260.81885,18617.95099331832,5068.801540052476,-0.0003351438414369468,0.0013236588597548258,-239452436.7184252
101952000.0,84519928549.73276,-299857969849.5463,311542004237.5399,18473.168853817562,5640.622167466561,-0.00037082577217975625,0.0013156076338645187,-239300309.009327
102384000.0,92465735000.1283,-297298459093.66956,311345926468.58936,18312.972120235907,6208.964665296034,-0.0004064544468594793,0.001306843889176086,-239147688.65524474
102816000.0,100339011878.72485,-294494242141.27484,311118588257.2154,18137.383799192612,6773.521225420103,-0.00044203082760944424,0.0012973571409818244,-238994504.04706442
103248000.0,108133114899.39017,-291447021982.35406,310860317763.82697,17946.42648166533,7333.979510324251,-0.00047755508164438776,0.0012871358279773527,-238840683.00519383
103680000.0,115841409519.6912,-288158637615.51373,310571461328.85065,17740.122686394956,7890.022188010467,-0.0005130265174828442,0.00127616733041701,-238686152.68076283
104112000.0,123457270989.81445,-284631066304.35736,310252383819.70245,17518.495230842367,8441.326474750616,-0.0005484435186836383,0.001264437989590072,-238530839.45830718
104544000.0,130974084567.92296,-280866426029.58044,309903469001.2927,17281.567630771035,8987.563686253528,-0.0005838034749259007,0.0012519331289622608,-238374668.85996407
104976000.0,138385245914.56375,-276866978132.9892,309525119929.429,17029.364529603045,9528.398797965225,-0.0006191027102779752,0.0012386370773545543,-238217565.45123982
105408000.0,145684161679.2508,-272635130149.30612,309117759366.41876,16761.91215876296,10063.490015382393,-0.00065433640851872,0.00122453319456029,-238059452.74845842
105840000.0,152864250292.8847,-268173438821.2101,308681830218.10504,16479.238830282873,10592.488355432439,-0.0006894985353954042,0.0012096038998320336,-237900253.12802616
106272000.0,159918942980.2321,-263484613292.56216,308217795991.4802,16181.375462992059,11115.037240159878,-0.0007245817577261307,0.00119383070370165,-237739887.73770675
106704000.0,166841685007.26773,-258571518474.1893,307726141271.9309,15868.35614365437,11630.77210415899,-0.0007595773592818707,0.0011771942436302571,-237578276.4101404
107136000.0,173625937178.7771,-253437178575.931,307207372219.055,15540.218724444601,12139.32001740726,-0.0007944751534143184,0.0011596743240192366,-237415337.57889754
107568000.0,180265177602.22177,-248084780797.88818,306662017079.8738,15197.005458169615,12640.29932538357,-0.0008292633924313182,0.0011412499611489087,-237250988.19741327
108000000.0,186752903734.47647,-242517679172.94775,306090626718.12,14838.763672639285,13133.3193085999,-0.0008639286737622063,0.0011218994336477022,-237085143.6612115
108432000.0,193082634728.65054,-236739398551.68005,305493775158.1343,14465.546485574012,13617.979863935707,-0.0008984558430015164,0.0011016003391311723,-236917717.73389357
108864000.0,199247914098.79636,-230753638719.61484,304872060141.73206,14077.413561397358,14093.871210440373,-0.0009328278939718053,0.0010803296576867374,-236748622.47743905
109296000.0,205242312720.87772,-224564278635.68652,304226103696.21606,13674.431911201538,14560.573622561044,-0.0009670258660054326,0.0010580638229159365,-236577768.1874449
109728000.0,211059432188.90808,-218175380779.2962,303556552711.5091,13256.676737087191,15017.657194060728,-0.0010010287387115485,0.0010347788012806394,-236405063.33400914
110160000.0,216692908545.6631,-211591195591.95688,302864079524.1536,12824.232321963802,15464.681636213965,-0.0010348133245690672,0.0010104501805324026,-236230414.5090609
110592000.0,222136416407.80923,-204816165997.8666,302149382505.68915,12377.192965749964,15901.196114203964,-0.001068354159769417,0.0009850532680338662,-236053726.3810268
111024000.0,227383673505.6568,-197854931985.9837,301413186652.6502,11915.663968729576,16326.739125994594,-0.0011016233938251718,0.0009585631998069795,-235874901.65783176
111456000.0,232428445658.02338,-190712335234.25366,300656244175.1495,11439.7626625971,16740.83842831121,-0.0011345906785626121,0.0009309550611634562,-235693841.0593342
111888000.0,237264552202.86728,-183393423754.5559,299879335080.70416,10949.619489458053,17143.011014733824,-0.0011672230572284178,0.0009022040197869584,-235510443.3004133
112320000.0,241885871904.39706,-175903456534.69653,299083267749.64233,10445.379128735376,17532.76315128179,-0.0011994848545633277,0.0008722854721424167,-235324605.0860376
112752000.0,246286349357.26172,-168247908151.36624,298268879498.0759,9927.201671564018,17909.590475247314,-0.00123133756882903,0.0008411752040838996,-235136221.11977613
113184000.0,250460001908.15482,-160432473325.41592,297437037124.06635,9395.263841829877,18272.97816341156,-0.001262739766918688,0.0008088495665164663,-234945184.12732905
113616000.0,254400927114.6946,-152463071388.07135,296588637432.21906,8849.760262521004,18622.401176146675,-0.0012936469838363386,0.0007752856669373763,-234751384.89679208
114048000.0,258103310760.74796,-144345850623.82272,295724607731.5416,8290.904765503705,18957.32458426362,-0.001324011627995397,0.0007404615776354177,-234554712.3374929
114480000.0,261561435446.41406,-136087192452.68852,294845906300.97565,7718.931742209694,19277.20398580212,-0.0013537828939609927,0.0007043565612613823,-234355053.55937073
114912000.0,264769689769.64737,-127693715411.37758,293953522816.5793,7134.097532018545,19581.48602026704,-0.0013829066844436608,0.0006669513143950674,-234152293.9749943
115344000.0,267722578114.94055,-119172278889.5734,293048478733.8858,6536.681844338884,19869.608988085707,-0.0014113255435415563,0.000628228229621725,-233946317.4264356
115776000.0,270414731062.576,-110529986574.1579,292131827618.50653,5926.9892095289315,20141.00358328229,-0.0014389786034227224,0.0005881716764905406,-233737006.3393248
116208000.0,272840916429.64993,-101774189550.70326,291204655417.58374,5305.350452850315,20395.093747526204,-0.0014658015468353987,0.0005467683015564313,-233524241.90651816
116640000.0,274996050951.34296,-92912489008.0171,290268080664.23444,4672.124184617423,20631.29765379858,-0.0014917265880297,0.000504007347501146,-233307904.30388758
117072000.0,276875212607.71545,-83952738487.96608,289323254606.67084,4027.698298588593,20849.028827919075,-0.0015166824748640874,0.0004598809910873102,-233087872.9408029
117504000.0,278473653597.6112,-74903045619.2647,288371361253.2354,3372.4914694473073,21047.697416068793,-0.0015405945150503168,0.0004143846994170106,-232864026.74791744
117936000.0,279786813957.02405,-65771773270.45098,287413617324.1658,2706.9546389455704,21226.71160621694,-0.001563384629655197,0.0003675176036422646,-232636244.50486112
118368000.0,280810335814.48615,-56567540053.9342,286451272100.5057,2031.5724789345254,21385.479210990397,-0.0015849714371202247,0.00031928288890645164,-232404405.21041736
118800000.0,281540078270.6453,-47299220109.856705,285485607160.22406,1346.8648180985883,21523.409418997984,-0.0016052703711734782,0.00026968819888220625,-232168388.4976678
119232000.0,281972132883.18896,-37975942095.63548,284517935991.2936,653.3880177516457,21639.914720915098,-0.0016241938360839565,0.00021874605281212083,-231928075.09645405
119664000.0,282102839731.625,-28607087304.520157,283549603471.2363,-48.26371943662343,21734.413015729933,-0.0016416514027377048,0.0001664742724546234,-231683347.34530583
120096000.0,281928804029.1361,-19202286834.413536,282581985202.47205,-757.4571254193119,21806.32990143033,-0.0016575500489877516,0.00011289641579073862,-231434089.75471228
120528000.0,281446913240.7838,-9771417726.645369,281616486692.7252,-1473.5187465820204,21855.101153051928,-0.0016717944476356934,5.804221376185103e-05,-231180189.62326315
120960000.0,280654354658.7626,-324597993.4763897,280654542369.76794,-2195.73394796064,21880.17538939705,-0.0016842873052308697,1.948005689704791e-06,-230921537.70775267
121392000.0,279548633376.2179,9127819547.050053,279697614419.92065,-2923.3460638203755,21881.016927855002,-0.001694929754612352,-5.534283161458497e-05,-230658028.9478065
121824000.0,278127590591.38513,18575254709.579796,278747191440.0124,-3655.5557178129116,21857.1088245975,-0.0017036218037586762,-0.00011377946670563568,-230389563.24496117
122256000.0,276389422163.53766,28006908732.20868,277804786892.9341,-4391.52033703666,21807.956094980666,-0.0017102628430400487,-0.00017330321463883224,-230116046.2953909
122688000.0,274332697331.52808,37411774495.67595,276871937357.5211,-5130.353885229961,21733.08910625669,-0.0017147522123784067,-0.00023384716335120447,-229837390.4746286
123120000.0,271956377494.66727,46778648243.07221,275950200564.2885,-5871.126840977432,21632.06713168897,-0.0017169898291046414,-0.000295335832873394,-229553515.77167347
123552000.0,269259834944.4316,56096142866.72476,275041153209.5271,-6612.866447150637,21504.482051887666,-0.001716876876454181,-0.00035768487552562697,-229264350.76881155
123984000.0,266242871424.16684,65352702822.03519,274146388541.4701,-7354.557257778843,21349.962185660595,-0.001714316551659483,-0.00042080082574308094,-228969833.66230905
124416000.0,262905736382.7379,74536620719.58884,273267513713.6603,-8095.1420080957405,21168.176228939585,-0.0017092148714822444,-0.0004845809085674926,-228669913.31787553
124848000.0,259249144777.15283,83636055636.75049,272406146902.30243,-8833.52283257607,20958.83727643843,-0.0017014815317848025,-0.0005489129161046255,-228364550.35345355
125280000.0,255274294268.78607,92639053178.14433,271563914186.2737,-9568.562854307105,20721.70689668123,-0.0016910308163802814,-0.0006136751613524641,-228053718.24048662
125712000.0,250982881648.18732,101533567300.85449,270742446190.59116,-10299.088166983387,20456.599226976963,-0.0016777825489409392,-0.0006787365187235445,-227737404.4133766
126144000.0,246377118314.84372,110307483904.87341,269943374496.4866,-11023.890228125872,20163.38505088839,-0.0016616630802069397,-0.0007439565602882786,-227415611.37539786
126576000.0,241459744630.95306,118948646172.30357,269168327823.81537,-11741.728678775271,19841.995816843853,-0.0016426063011527625,-0.0008091857962280372,-227088357.7879116
127008000.0,236234042962.54898,127444881620.16249,268418927994.29898,-12451.334600873264,19492.42755287334,-0.0016205546711720528,-0.0008742660271841759,-226755679.52837533
127440000.0,230703849217.49533,135784030811.47516,267696785687.0539,-13151.414218819591,19114.74462912978,-0.0015954602487766878,-0.0009390308151041848,-226417630.70140797
127872000.0,224873562688.2314,143953977647.8402,267003496000.95654,-13840.65304629112,18709.08331700477,-0.0015672857108210336,-0.0010033060778074198,-226074284.5860976
128304000.0,218748154007.9855,151942681144.0539,266340633841.59952,-14517.720473365805,18275.655091391964,-0.001536005344911766,-0.0010669108108174992,-225725734.50188237
128736000.0,212333171032.74707,159738208561.9562,265709749153.85556,-15181.27478236769,17814.749621118804,-0.0015016059985049816,-0.0011296579380434169,-225372094.57475317
129168000.0,205634742467.83173,167328769756.76483,265112362024.33847,-15829.96857372184,17326.73739188405,-0.0014640879672851417,-0.0011913552906548813,-225013500.38525873
129600000.0,198659579067.58057,174702752565.17715,264549957681.26254,-16462.45457558902,16812.07190632114,-0.001423465804824241,-0.0012518067110199721,-224650109.47990662
130032000.0,191414972249.74637,181848759040.8892,264023981422.2991,-17077.391803273094,16271.291407160512,-0.001379769035290827,-0.0013108132758983496,-224282101.72807324
130464000.0,183908789982.51132,188755642320.3819,263535833503.93054,-17673.45202651873,15705.020071972425,-0.0013330427511681077,-0.001368174630267497,-223909679.50751913
130896000.0,176149469821.85825,195412543880.37448,263086864028.4441,-18249.326495023353,15113.968631696867,-0.0012833480785902852,-0.0014236904202716994,-223533067.70305234
131328000.0,168146009000.09872,201808930928.77112,262678367867.00726,-18803.732864974358,14498.934370139494,-0.0012307624940468937,-0.001477161810903795,-223152513.5048309
131760000.0,159907951492.5853,207934633653.77234,262311579659.1594,-19335.422262402615,13860.800467829054,-0.0011753799778517736,-0.0015283930712471176,-222768285.99521828
132192000.0,151445372018.73404,213779882041.61026,261987668930.46234,-19843.18641283458,13200.5346610503,-0.0011173109919249379,-0.0015771932075148562,-222380675.51600122
132624000.0,142768856965.111,219335341962.60437,261707735370.92273,-20325.864761346154,12519.187195403882,-0.0010566822720712388,-0.0016233776218240994,-221989992.81108648
133056000.0,133889482252.03795,224592150218.37122,261472804317.0651,-20782.35150288093,11817.88806277587,-0.000993636428018542,-0.0016667697727286521,-221596567.94348216
133488000.0,124818788200.42212,229541948240.45752,261283822480.16565,-21211.60243978494,11097.843520957093,-0.0009283313479386046,-0.0017072028120987373,-221200748.98932314
133920000.0,115568751491.69618,234176914132.70844,261141653962.11176,-21612.641582094417,10360.331906130437,-0.0008609394079349391,-0.0017445211720568882,-220802900.51586825
134352000.0,106151754350.19818,238489792756.54984,261047076598.62216,-21984.56740632231,9606.698759801862,-0.0007916464909449326,-0.0017785820754224247,-220403401.85463727
134784000.0,96580551113.3039,242473923570.1624,261000778667.14972,-22326.55869041052,8838.351303219375,-0.0007206508235549162,-0.0018092569435272066,-220002645.18505913
135216000.0,86868232389.399,246123265949.2388,261003355993.70816,-22637.879846186243,8056.752303615622,-0.0006481616432430932,-0.0018364326763656293,-219601033.4480554
135648000.0,77028187036.59224,249432421738.50372,261055309489.156,-22917.885676067257,7263.4133874256695,-0.0005743977124168903,-0.001860012781829326,-219198978.11273742
136080000.0,67074062225.19015,252396654809.17355,261157043141.1908,-23166.025487831354,6459.8878656754005,-0.000499585699169354,-0.00187991833322258,-218796896.82274073
136512000.0,57019721873.68612,255011907427.63565,261308862483.52454,-23381.846509872514,5647.7631457232455,-0.000423958447820666,-0.001896088737302334,-218395210.95154577
136944000.0,46879203770.73815,257274813274.33295,261510973558.51297,-23564.99655933104,4828.652811208637,-0.00034775316492465983,-0.0019084822986561876,-217994343.09832418
137376000.0,36666675713.78169,259182706988.5229,261763482383.99896,-23715.225926578492,4004.188458189164,-0.00027120954841272925,-0.0019170765702200122,-217594714.5573486
137808000.0,26396391008.118298,260733630153.54022,262066394929.40823,-23832.388451492792,3176.011379854119,-0.0001945678888472408,-0.0019218684840230358,-217196742.79473817
138240000.0,16082643678.229298,261926333677.65604,262419617600.3229,-23916.4417794748,2345.7641947561674,-0.00011806717231768079,-0.0019228742606988486,-216800838.9662602
138672000.0,5739723745.512876,262760276566.77637,262822958224.96863,-23967.44679791604,1515.0825141342648,-4.194321431752013e-05,-0.001920129100775455,-216407405.50906998
139104000.0,-4618127076.401251,263235621126.2308,263276127530.40546,-23985.56626650121,685.5867425992682,3.35731470007989e-05,-0.0019136866651154236,-216016833.83867377
139536000.0,-14976758926.036835,263353224668.93845,263778741090.81836,-23971.062666996866,-141.12589673059483,0.00010825777144207763,-0.0019036183559835408,-215629502.18009716
139968000.0,-25322156249.010677,263114627845.5173,264330321725.26932,-23924.295309733887,-963.4890265154844,0.00018189482679290477,-0.0018900124139511146,-215245773.5593068
140400000.0,-35640478852.73802,262522039747.69202,264930302317.68744,-23845.71674455935,-1779.974389342366,0.00025427826663301074,-0.0018729728490973186,-214865993.9774825
140832000.0,-45918101272.77161,261578319969.00116,265578029027.8201,-23735.86853337389,-2589.098660152408,0.00032521315760144527,-0.0018526182276540225,-214490490.78686285
141264000.0,-56141650189.027016,260286957835.75647,266272764858.40594,-23595.376449290066,-3389.4297344989454,0.000394516841405386,-0.0018290803373009865,-214119571.28272516
141696000.0,-66298039659.615105,258652049046.01868,267013693541.00912,-23424.94517380294,-4179.592440212971,0.0004620199206847152,-0.0018025027557183489,-213753521.52175403
142128000.0,-76374503971.85904,256678269974.70508,267799923700.80148,-23225.35256806714,-4958.273630683298,0.0005275670617506008,-0.0017730393477341292,-213392605.37269294
142560000.0,-86358627943.59796,254370849918.63416,268630493259.10318,-22997.44359739088,-5724.226628904442,0.000591017611079878,-0.0017408527164819824,-213037063.80092943
142992000.0,-96238374542.34573,251735541566.2671,269504374031.69287,-22742.123989404372,-6476.275002424658,0.0006522460261570247,-0.001706112633446834,-212687114.3846091
143424000.0,-106002109724.57565,248778589983.16745,270420476480.7464,-22460.35370610454,-7213.31566007369,0.0007111421247133728,-0.0016689944711808888,-212342951.05612433
143856000.0,-115638624431.67155,245506700405.9208,271377654578.7286,-22153.14030822836,-7934.321271623834,0.0007676111595367126,-0.0016296776608923996,-212004744.05946064
144288000.0,-125137153712.30751,241927005134.68613,272374710743.5933,-21821.532287308502,-8638.34202112935,0.0008215737287499025,-0.0015883441951281357,-211672640.11095524
144720000.0,-134487392972.64767,238047029808.02246,273410400806.18896,-21466.612436488544,-9324.506713424706,0.0008729655337400959,-0.0015451771934776744,-211346762.74858433
145152000.0,-143679511385.32635,233874659333.5452,274483438972.75104,-21089.491325912823,-9992.023261007062,0.0009217369987356601,-0.0015003595467157373,-211027212.8529629
145584000.0,-152704162515.29468,229418103734.76703,275592502747.72327,-20691.300942459016,-10640.17858518826,0.0009678527673688173,-0.0014540726521581303,-210714069.3218153
146016000.0,-161552492245.00827,224685864158.64752,276736237784.8114,-20273.188546955687,-11268.337970920573,0.0010112910924382382,-0.0014064952503228811,-210407389.87875158
146448000.0,-170216144102.87552,219686699270.4117,277913262637.0667,-19836.310795022368,-11875.943919060057,0.0010520431355210275,-0.0013578023703381761,-210107211.99673316
146880000.0,-178687262117.26346,214429592242.59677,279122173379.848,-19381.828160477282,-12462.514543046149,0.0010901121931133379,-0.0013081643889902798,-209813553.916586
147312000.0,-186958491333.62582,208923718524.53537,280361548083.65704,-18910.89969305232,-13027.64155908995,0.0011255128656474276,-0.0012577462059139627,-209526415.74129304
147744000.0,-195022976144.50513,203178414557.04227,281629951117.0173,-18424.678135092632,-13570.987920044783,0.0011582701850906276,-0.0012067065352393677,-209245780.58749643
148176000.0,-202874356591.35397,197203147575.36667,282925937262.71844,-17924.30541513348,-14092.28514326819,0.0011884187159319397,-0.0011551973120551694,-208971615.7766174
148608000.0,-210506762803.4706,191007486621.89233,284248055633.8232,-17410.908529850883,-14591.330382076023,0.0012160016432593084,-0.0011033632103491836,-208703874.04921314
149040000.0,-217914807743.03036,184601074868.9514,285594853378.79266,-16885.595819962862,-15067.98328894687,0.0012410698603781847,-0.001051341267654629,-208442494.78754744
149472000.0,-225093578426.44272,177993603331.75894,286964879167.89514,-16349.453640279486,-15522.16271657367,0.0012636810670701851,-0.0009992606104640487,-208187405.23284376
149904000.0,-232038625791.31302,171194786032.1155,288356686455.68604,-15803.543419305166,-15953.843300294138,0.0012838988881855107,-0.0009472422735664132,-207938521.6852355
150336000.0,-238745953375.3985,164214336655.3574,289768836516.77765,-15248.899099609025,-16363.051962474829,0.0013017920208451908,-0.0008953991058026382,-207695750.67599803
150768000.0,-245212004969.3805,157061946726.2076,291199901254.3266,-14686.524946603902,-16749.86437618157,0.0013174334171343518,-0.000843835754302156,-207458990.10320345
151200000.0,-251433651399.29373,149747265313.79172,292648465782.65314,-14117.393710401862,-17114.4014220401,0.0013308995078248178,-0.0007926487190361729,-207228130.32345262
151632000.0,-257408176587.3132,142279880262.1997,294113130787.1706,-13542.445123021542,-17456.82566866373,0.001342269471397515,-0.000741926469477416,-207003055.19377112
152064000.0,-263133263031.54346,134669300930.6171,295592514666.33685,-12962.584711377815,-17777.337903477972,0.0013516245514600719,-0.0006917496152661117,-206783643.0591055
152496000.0,-268606976836.71283,126924942416.21489,297085255461.65674,-12378.682905147063,-18076.173737272933,0.0013590474245848052,-0.0006421911230220692,-206569767.68209755
152928000.0,-273827752418.4535,119056111223.64154,298590012582.8692,-11791.574417726428,-18353.60030241847,0.0013646216196344962,-0.0005933165717882206,-206361299.1129342
153360000.0,-278794376994.33997,111071992337.05006,300105468336.3565,-11202.057878044325,-18609.91306143098,0.0013684309888013582,-0.0005451844400183583,-206158104.49808416
153792000.0,-283505974965.2281,102981637644.04489,301630329265.5331,-10610.895690882138,-18845.43273951891,0.0013705592298581314,-0.0004978464175094101,-205960048.82760546
154224000.0,-287961992280.83264,94793955655.66208,303163327312.5131,-10018.814103583425,-19060.502391882976,0.0013710894585064416,-0.00045134773620697895,-205766995.62148142
154656000.0,-292162180874.02856,86517702462.40768,304703220810.7461,-9426.503457508643,-19255.48461392439,0.0013701038292009595,-0.00040572751436478404,-205578807.55608395
155088000.0,-296106583239.1619,78161473863.37195,306248795318.5535,-8834.618603293828,-19430.758900129975,0.0013676832024216844,-0.0003610191090993519,-205395347.032404
155520000.0,-299795517220.8005,69733698603.40752,307798864303.6198,-8243.77945984766,-19586.719155260897,0.0013639068560526203,-0.00031725047293834445,-205216476.68812695
155952000.0,-303229561070.90265,61242632652.20399,309352269688.4978,-7654.571698032927,-19723.771359570263,0.0013588522382943808,-0.0002744445105041361,-205042059.855972
156384000.0,-306409538824.3931,52696354458.705475,310907882267.103,-7067.547531089755,-19842.33138810805,0.0013525947593815949,-0.0002326194319955866,-204871960.97097224
156816000.0,-309336506035.6365,44102761114.60443,312464602001.99835,-6483.226595036906,-19942.822982730144,0.001345207619284215,-0.0001917891006242981,-204706045.92956227
157248000.0,-312011735911.3218,35469565361.50755,314021358212.0342,-5902.096903506124,-20025.675874199842,0.0013367616685358032,-0.0001519633716225482,-204544182.40344888
157680000.0,-314436705868.822,26804293377.72038,315577109659.61237,-5324.615862698657,-20091.324050740783,0.0013273252993430784,-0.00011314842086567648,-204386240.11130655
