time,x,y,v_x,v_y,total_energy
0,149600000000.0,0.0,0.0,29800.0,-442786818.18181825
432000.0,149047201996.50766,12857733465.493242,-2557.6653940375145,29689.884383544275,-442786823.18261945
864000.0,147392911089.33655,25620445757.91739,-5096.350841328173,29360.361617934235,-442786828.1908077
1296000.0,144649402893.17563,38193826707.6349,-7597.22070828994,28813.896982246075,-442786833.2057193
1728000.0,140837033042.6599,50484982429.62044,-10041.72680102889,28054.577784942492,-442786838.2266383
2160000.0,135984082513.46434,62403129574.01269,-12411.749096420472,27088.081335241794,-442786843.2528037
2592000.0,130126542873.21053,73860273049.66121,-14689.732923093425,25921.630516356134,-442786848.28341335
3024000.0,123307843240.0866,84771861948.5413,-16858.82146886723,24563.937367129958,-442786853.31763196
3456000.0,115578521202.0186,95057418597.79749,-18902.982541186197,23025.135185298637,-442786858.35459757
3888000.0,106995840400.19669,104641135909.72993,-20807.128567934567,21316.699765473142,-442786863.3934279
4320000.0,97623357903.2794,113452438485.05458,-22557.2288966753,19451.36047684077,-442786868.43322796
4752000.0,87530444888.68515,121426503247.56078,-24140.41352965467,17443.00196842764,-442786873.47309715
5184000.0,76791764501.57085,128504735744.77396,-25545.067518567943,15306.557362759046,-442786878.51213527
5616000.0,65486711077.51224,134635198634.99602,-26760.91533572039,13057.893861243745,-442786883.54945165
6048000.0,53698815189.25517,139772989291.50916,-27779.09463542986,10713.69173617108,-442786888.5841701
6480000.0,41515119209.53573,143880563885.01358,-28592.218919876756,8291.317724626648,-442786893.6154365
6912000.0,29025528269.81378,146928005750.69986,-29194.428725710553,5808.693868887443,-442786898.6424253
7344000.0,16322141638.370863,148893236301.9436,-29581.43105021589,3284.162866126856,-442786903.66434616
7776000.0,3498569640.698826,149762167213.7765,-29750.52683745189,736.3509978963539,-442786908.680449
8208000.0,-9350758698.910704,149528793061.54514,-29700.626444334765,-1815.9702926363434,-442786913.69002837
8640000.0,-22131292102.056076,148195224059.28043,-29432.25310308761,-4354.023119679553,-442786918.69243187
9072000.0,-34749052401.89595,145771658994.327,-28947.534488921552,-6859.161134720591,-442786923.68706113
9504000.0,-47111323730.65009,142276298896.13422,-28250.182589476917,-9313.00576060346,-442786928.6733784
9936000.0,-59127330532.65625,137735202404.57016,-27345.46215483213,-11697.579708627807,-442786933.6509077
10368000.0,-70708899543.88081,132182084213.86118,-26240.14808332716,-13995.436849175445,-442786938.6192403
10800000.0,-81771101047.65633,125658058359.85867,-24942.472168743057,-16189.787553182887,-442786943.5780363
11232000.0,-92232864914.30243,118211328488.76129,-23462.0596983686,-18264.618672837303,-442786948.52702546
11664000.0,-102017567156.44505,109896827593.02882,-21809.85644914009,-20204.807384315543,-442786953.4660103
12096000.0,-111053582979.55905,100775810023.72873,-19998.04668044974,-21996.228172406907,-442786958.3948661
12528000.0,-119274802575.86267,90915398887.0033,-18039.96276757195,-23625.852295731205,-442786963.3135416
12960000.0,-126621106196.62813,80388092205.0781,-15949.987159228534,-25081.839131342535,-442786968.22205913
13392000.0,-133038795340.81425,69271231468.84981,-13743.44737694073,-26353.618858249236,-442786973.12051326
13824000.0,-138480977214.40363,57646436429.40951,-11436.504802878902,-27431.966000335928,-442786978.0090706
14256000.0,-142907899942.83743,45599010169.858795,-9046.038027325849,-28309.063409999537,-442786982.88796777
14688000.0,-146287236356.5628,33217318666.57552,-6589.521547027127,-28978.556334263376,-442786987.7575091
15120000.0,-148594314515.19156,20592149190.878426,-4084.9006220097885,-29435.596265061668,-442786992.61806554
15552000.0,-149812293487.5345,7816052018.070053,-1550.4631112776342,-29676.874334728705,-442786997.4700704
15984000.0,-149932283261.38818,-5017329998.643497,995.2908825389823,-29700.644076495893,-442787002.31401724
16416000.0,-148953408017.10974,-17813939366.61519,3533.780722719929,-29506.733428074756,-442787007.1504555
16848000.0,-146882812361.51624,-30479984741.70996,6046.477461226708,-29096.545914313054,-442787011.97998786
17280000.0,-143735610482.358,-42922619887.67098,8515.035732223892,-28473.05100261817,-442787016.8032642
17712000.0,-139534778547.44788,-55050616138.55594,10921.424474844898,-27640.76368252896,-442787021.6209801
18144000.0,-134310991035.39072,-66775023730.58348,13248.055647218396,-26605.71337866825,-442787026.4338687
18576000.0,-128102402045.63121,-78009817429.47134,15477.910099947236,-25375.402364492336,-442787031.2426983
19008000.0,-120954372993.03787,-88672521964.32198,17594.65978624687,-23958.753902908447,-442787036.0482666
19440000.0,-112919148445.18916,-98684812889.54362,19582.785498058864,-22366.050399047053,-442787040.8513944
19872000.0,-104055482207.52045,-107973088632.43608,21427.689332970276,-20608.861910281823,-442787045.6529218
20304000.0,-94428216100.98138,-116469009646.16815,23115.801116051734,-18699.96541894116,-442787050.4537007
20736000.0,-84107814207.13025,-124110000776.13983,24634.678024168294,-16653.255333920966,-442787055.2545902
21168000.0,-73169855674.76959,-130839713162.28952,25973.09668832759,-14483.645748365512,-442787060.05645066
21600000.0,-61694489488.24491,-136608442240.793,27121.137082617333,-12206.965041409143,-442787064.86013734
22032000.0,-49765854888.14895,-141373498675.66098,28070.257546637185,-9839.843472242195,-442787069.66649467
22464000.0,-37471471408.00371,-145099529343.6262,28813.36033239717,-7399.594473954789,-442787074.4763506
22896000.0,-24901602742.997707,-147758785813.82214,29344.84711672472,-4904.090412100279,-442787079.2905096
23328000.0,-12148598896.394867,-149331338106.20724,29660.66397650526,-2371.633627995124,-442787084.1097484
23760000.0,693778746.9080143,-149805231878.26962,29758.33538668921,179.17636135545672,-442787088.93480945
24192000.0,13531044594.752306,-149176587576.69522,29636.986869929147,2729.5785869987276,-442787093.7663948
24624000.0,26268683300.771095,-147449640497.4482,29297.356001833585,5260.788312870139,-442787098.6051621
25056000.0,38812846416.30013,-144636721121.76254,28741.791556865883,7754.135682161413,-442787103.4517183
25488000.0,51071046086.95764,-140758175534.13583,27974.24066645678,10191.204295469195,-442787108.30661595
25920000.0,62952840603.8129,-135842226178.42035,27000.22395236122,12553.96866848311,-442787113.1703469
26352000.0,74370506623.6184,-129924773666.00658,25826.798693945148,14824.92950303369,-442787118.04334086
26784000.0,85239692919.2079,-123049140812.02948,24462.51018705623,16987.245700706728,-442787122.92595917
27216000.0,95480050611.07953,-115265760537.31827,22917.331553394764,19024.862053610945,-442787127.8184934
27648000.0,105015834965.13565,-106631809731.01817,21202.592361711282,20922.631562801387,-442787132.72116154
28080000.0,113776474019.77017,-97210791616.7966,19330.896524461954,22666.431361700063,-442787137.6341062
28512000.0,121697099527.64479,-87072069599.53342,17316.030034414398,24243.271259834237,-442787142.5573936
28944000.0,128719035962.65752,-76290355984.56125,15172.859203718574,25641.393971358357,-442787147.4910117
29376000.0,134790243649.24387,-64945159353.07231,12917.220161717349,26850.366152964034,-442787152.4348703
29808000.0,139865712417.1166,-53120194740.56964,10565.80045585016,27861.15944653246,-442787157.3888012
30240000.0,143907802567.08853,-40902761095.748566,8136.0136810206,28666.22080265502,-442787162.3525597
30672000.0,146886530349.39816,-28383090790.78312,5645.868135446777,29259.531451146995,-442787167.3258248
31104000.0,148779795601.0916,-15653676206.883331,3113.8305640890094,29636.65398291922,-442787172.308203
31536000.0,149573549659.13324,-2808578627.8664913,558.6861031871526,29794.767112890484,-442787177.29923016
31968000.0,149261902156.22665,10057275163.428236,-2000.604419661851,29732.687804701574,-442787182.2983753
32400000.0,147847165811.681,22848803077.938293,-4545.048646808271,29450.880553385636,-442787187.3050451
32832000.0,145339838844.6451,35471479131.83759,-7055.767114264931,28951.45374031736,-442787192.31858814
33264000.0,141758525156.07623,47832040494.85756,-9514.136736005083,28238.14309410135,-442787197.3382987
33696000.0,137129792943.2593,59839184633.93399,-11901.932157242356,27316.28240993782,-442787202.36342543
34128000.0,131487972920.9264,71404251101.87254,-14201.46380822516,26192.76179680122,-442787207.3931747
34560000.0,124874897820.54712,82441882661.67682,-16395.711525707877,24875.97383491163,-442787212.4267183
34992000.0,117339585318.89914,92870660625.95299,-18468.452656765243,23375.748133978857,-442787217.4631991
35424000.0,108937867003.62549,102613709524.86937,-20404.383618173266,21703.27488417851,-442787222.5017386
35856000.0,99731966412.57317,111599266492.42001,-22189.23395319241,19871.018085544536,-442787227.54144394
36288000.0,89790029581.18945,119761211075.63063,-23809.872005109923,17892.619226367748,-442787232.5814154
36720000.0,79185611894.54526,127039551520.84686,-25254.401412061874,15782.7922563953,-442787237.6207519
37152000.0,67997125364.64924,133380863971.014,-26512.247719108873,13557.21076545184,-442787242.65856004
37584000.0,56307250737.19725,138738681413.30005,-27574.234499876216,11232.388332076887,-442787247.6939599
38016000.0,44202319072.96613,143073829642.7785,-28432.64847986429,8825.5530496309,-442787252.7260921
38448000.0,31771667646.522293,146354707950.3512,-29081.293255376757,6354.517269005068,-442787257.7541243
38880000.0,19106975158.1859,148557512696.84866,-29515.531304535834,3837.543617712666,-442787262.777258
39312000.0,6301581364.260416,149666402395.59067,-29732.314088762552,1293.2083650582122,-442787267.7947331
39744000.0,-6550203704.069075,149673603388.08566,-29730.200143199854,-1259.7367972479933,-442787272.8058354
40176000.0,-19353795740.027634,148579455657.69684,-29509.361151771274,-3802.5034996215845,-442787277.80989945
40608000.0,-32015032204.05531,146392398780.00012,-29071.576095955625,-6316.404923732068,-442787282.8063148
41040000.0,-44440863293.28286,143128898452.53326,-28420.213655123407,-8782.992502614039,-442787287.7945303
41472000.0,-56540032815.90064,138813314477.3857,-27560.2031197801,-11184.190112282724,-442787292.77405626
41904000.0,-68223744078.55114,133477711484.69371,-26497.994156807184,-13502.424815788503,-442787297.74446905
42336000.0,-79406306057.06377,127161614081.07146,-25241.50583744674,-15720.753266412052,-442787302.7054135
42768000.0,-90005755312.64124,119911708482.21324,-23800.06540414854,-17822.98292691054,-442787307.65660375
43200000.0,-99944449334.26913,111781493041.613,-22184.337311432853,-19793.78731550127,-442787312.59782654
43632000.0,-109149627230.92609,102830880416.2075,-20406.24312868205,-21618.814545793655,-442787317.52894133
44064000.0,-117553933961.44301,93125754413.73163,-18478.872939429053,-23284.788486406786,-442787322.4498809
44496000.0,-125095904573.01305,82737484844.96236,-16416.38891251764,-24779.601925876388,-442787327.3606511
44928000.0,-131720405218.92883,71742403956.3674,-14233.921755793383,-26092.401189093605,-442787332.26133096
45360000.0,-137379028039.81575,60221248244.73845,-11947.460793118093,-27213.661712460547,-442787337.15207183
45792000.0,-142030437318.29892,48258569655.12683,-9573.738430886735,-28135.25414582738,-442787342.0330945
46224000.0,-145640664652.7267,35942120336.901245,-7130.109801275386,-28850.50060982654,-442787346.9046895
46656000.0,-148183351239.48727,23362215280.194,-4634.428386563713,-29354.220797271722,-442787351.767213
47088000.0,-149639935703.98108,10611077276.630386,-2104.918442432008,-29642.767666761403,-442787356.621085
47520000.0,-149999786275.98798,-2217831255.70096,439.9549515339045,-29714.05253551711,-442787361.4667864
47952000.0,-149260276464.66147,-15030484972.341497,2981.61737850555,-29567.559436860727,-442787366.3048547
48384000.0,-147426803750.47592,-27732976171.314095,5501.517267952736,-29204.348665712012,-442787371.13588065
48816000.0,-144512751174.99854,-40232194553.803635,7981.25793368911,-28627.04949322408,-442787375.9605055
49248000.0,-140539392073.26035,-52436501504.038025,10402.728624480684,-27839.84208935096,-442787380.77941376
49680000.0,-135535738556.67154,-64256394244.97702,12748.233748236824,-26848.42874994188,-442787385.5933318
50112000.0,-129538334715.75732,-75605155280.68098,15000.619436387338,-25659.99458305588,-442787390.4030204
50544000.0,-122590995870.31215,-86399482615.6864,17143.396623426193,-24283.157867733233,-442787395.2092712
50976000.0,-114744495548.62857,-96560096346.57555,19160.85982801208,-22727.910357549015,-442787400.0129006
51408000.0,-106056202225.87778,-106012317351.44159,21038.200836759574,-21005.547860952895,-442787404.8147447
51840000.0,-96589668192.98761,-114686613959.36938,22761.616510282995,-19128.59149063943,-442787409.61565346
52272000.0,-86414173259.80708,-122519112664.59769,24318.409953555107,-17110.700034884416,-442787414.416485
52704000.0,-75604226318.11655,-129452069158.85573,25697.08431962199,-14966.57396472226,-442787419.2181001
53136000.0,-64239028099.116196,-135434296190.52089,26887.428547583713,-12711.85165172653,-442787424.02135515
53568000.0,-52401898754.205025,-140421545020.61996,27880.59437290213,-10362.998431588909,-442787428.8270976
54000000.0,-40179674164.78479,-144376837532.99203,28669.1639908913,-7937.189208167421,-442787433.63615954
54432000.0,-27662075143.985107,-147270746368.6072,29247.207802986046,-5452.185350591883,-442787438.4493516
54864000.0,-14941053927.98376,-149081620791.27136,29610.33173029893,-2926.206691680566,-442787443.2674561
55296000.0,-2110122564.2918568,-149795756352.60715,29755.713640200483,-377.7994885639696,-442787448.09122413
55728000.0,10736332013.749983,-149407506806.7994,29682.12849921613,2174.298744810825,-442787452.921367
56160000.0,23503741285.678795,-147919337128.2685,29389.961939323766,4711.296579598071,-442787457.7585524
56592000.0,36098051757.07799,-145341816905.93643,28881.21200451788,7214.48719634607,-442787462.6033986
57024000.0,48426419746.00207,-141693553823.42804,28159.47892989086,9665.387067866173,-442787467.4564706
57456000.0,60397899156.990005,-137001067382.35243,27229.942895927914,12045.873752635867,-442787472.3182739
57888000.0,71924117052.58101,-131298603482.3088,26099.329795522717,14338.321734821124,-442787477.1892521
58320000.0,82919931869.57889,-124627890932.66403,24775.865149549176,16525.735240294234,-442787482.06978124
58752000.0,93304069207.70554,-117037841433.34438,23269.216407680593,18591.876961172686,-442787486.9601694
59184000.0,102999730242.5944,-108584195020.48332,21590.42397341132,20521.391634983454,-442787491.8606497
59616000.0,111935167983.64746,-99329113423.16965,19751.821394675826,22299.92344898879,-442787496.7713825
60048000.0,120044226809.90707,-89340724214.99329,17766.94526275417,23914.226275749665,-442787501.69245017
60480000.0,127266840972.98544,-78692619063.77213,15650.435460916047,25352.265792720696,-442787506.6238577
60912000.0,133549488053.8484,-67463309779.95096,13417.926499067224,26603.31259643647,-442787511.5655322
61344000.0,138845593697.85394,-55735646233.98747,11085.93076010052,27658.025490327902,-442787516.5173225
61776000.0,143115884327.27417,-43596200551.06139,8671.714566326395,28508.524203853904,-442787521.4790001
62208000.0,146328684939.37115,-31134622293.423943,6193.168048939111,29148.450888697986,-442787526.450261
62640000.0,148460159537.18567,-18442969602.774612,3668.6698687348958,29573.01983431594,-442787531.4307267
63072000.0,149494492205.267,-5615021493.788151,1116.9478911401657,29779.054949002682,-442787536.419949
63504000.0,149424007328.90784,7254423337.584097,-1443.063037908587,29765.01466258818,-442787541.4174107
63936000.0,148249227957.97812,20070255703.463554,-3992.365037321262,29531.00402145415,-442787546.42253184
64368000.0,145978871829.81293,32737767549.74744,-6512.041660827823,29078.77386426214,-442787551.43467265
64800000.0,142629785084.25412,45163360434.37968,-8983.401689236394,28411.70708600589,-442787556.4531398
65232000.0,138226814222.22876,57255245303.45524,-11388.121050024054,27534.792117119257,-442787561.477191
65664000.0,132802617371.53372,68924128090.61865,-13708.381689653555,26454.58386175961,-442787566.50604117
66096000.0,126397416424.25291,80083875795.46385,-15927.00625695931,25179.15245345934,-442787571.5388689
66528000.0,119058692094.13399,90652157875.17862,-18027.587500923706,23718.020295583425,-442787576.5748231
66960000.0,110840824404.2605,100551058008.10876,-19994.611342390665,22082.087957044154,-442787581.6130295
67392000.0,101804681550.81506,109707651555.27403,-21813.57264577603,20283.54958923905,-442787586.6525973
67824000.0,92017160493.4324,118054544352.66545,-23471.082792517333,18335.798617089582,-442787591.6926281
68256000.0,81550682992.88968,125530368809.46921,-24954.96824161599,16253.32453444553,-442787596.73222023
68688000.0,70482651149.53827,132080233660.91823,-26254.359352825893,14051.601701258007,-442787601.77047783
69120000.0,58894866788.39751,137656124124.72076,-27359.76884343666,11746.971096295594,-442787606.80651796
69552000.0,46872919287.272385,142217249632.23148,-28263.15934876293,9356.516024473141,-442787611.839476
69984000.0,34505546651.30076,145730336744.89926,-28957.99965796631,6897.932811978522,-442787616.8685133
70416000.0,21883974800.266792,148169865318.23145,-29439.309299324592,4389.397545412762,-442787621.8928229
70848000.0,9101240153.700598,149518246434.8207,-29703.691251212203,1849.429923381394,-442787626.9116363
71280000.0,-3748499326.3665714,149765941090.31152,-29749.352655647974,-703.2447091668269,-442787631.9242286
71712000.0,-16570659443.19115,148911519077.17896,-29576.11350919699,-3249.8340814752723,-442787636.9299234
72144000.0,-29270926241.47236,146961657966.78522,-29185.403400310253,-5771.61742699515,-442787641.92809814
72576000.0,-41755948519.11798,143931082536.6164,-28580.246452020754,-8250.082602736798,-442787646.91818756
73008000.0,-53934021329.007706,139842445423.50403,-27765.234713610967,-10667.06091045405,-442787651.89968914
73440000.0,-65715755547.66565,134726150202.0031,-26746.490323902308,-13004.85867128288,-442787656.87216425
73872000.0,-77014728743.12962,128620118487.32962,-25531.616841822968,-15246.384650134369,-442787661.8352426
74304000.0,-87748112759.87457,121569503042.1584,-24129.640206664,-17375.272475459125,-442787666.78862286
74736000.0,-97837273651.68636,113626349224.33049,-22550.939850849663,-19375.99725307132,-442787671.7320762
75168000.0,-107208339831.15714,104849207446.68365,-20807.17054216609,-21233.98562871303,-442787676.66544586
75600000.0,-115792734564.29187,95302699629.70102,-18911.175580360232,-22935.718612190023,-442787681.58864874
76032000.0,-123527669217.9692,85057042911.69275,-16876.89201507818,-24468.826535537388,-442787686.5016747
76464000.0,-130356593964.20079,74187534139.27443,-14719.248588570392,-25822.175578188362,-442787691.4045868
76896000.0,-136229602955.93967,62773998892.71139,-12454.057137814907,-26985.9453530319,-442787696.29752064
77328000.0,-141103791312.42316,50900209006.174866,-10097.898217096556,-27951.69710816547,-442787701.1806824
77760000.0,-144943561585.7003,38653272722.16698,-7668.001724040386,-28712.43215979103,-442787706.05434704
78192000.0,-147720877722.26068,26123001772.481678,-5182.1233300372605,-29262.64023187401,-442787710.918857
78624000.0,-149415464882.90128,13401259805.305483,-2658.417530301636,-29598.337437787508,-442787715.77461845
79056000.0,-150014953838.6415,581296679.6781254,-115.3081398113477,-29717.09369817893,-442787720.62209916
79488000.0,-149514969019.2713,-12242926775.22648,2428.6429306093983,-29618.04944777535,-442787725.46182466
79920000.0,-147919159652.74606,-24977418887.46405,4954.867778558282,-29301.92154189595,-442787730.2943746
80352000.0,-145239173796.9708,-37528837481.7319,7444.924652531143,-28770.99833121504,-442787735.1203793
80784000.0,-141494575429.436,-49805165755.1012,9880.62929034851,-28029.1239309933,-442787739.9405146
81216000.0,-136712705123.59602,-61716379037.137115,12244.184613679687,-27081.67176875372,-442787744.755498
81648000.0,-130928485202.7114,-73175097831.27264,14518.307943812588,-25935.507552399362,-442787749.5660829
82080000.0,-124184170620.96213,-84097222608.2491,16686.35491156808,-24598.941859206145,-442787754.3730548
82512000.0,-116529047176.74113,-94402545921.73984,18732.43924498291,-23081.6726050881,-442787759.1772255
82944000.0,-108019079012.81319,-104015337541.17442,20641.547632374193,-21394.717713082577,-442787763.97942704
83376000.0,-98716507700.99223,-112864898447.53339,22399.64887599203,-19550.33836012731,-442787768.78050655
83808000.0,-88689405543.51015,-120886079714.7191,23993.796573045387,-17561.953241808285,-442787773.5813215
84240000.0,-78011186047.51497,-128019762502.19926,25412.22458685442,-15444.044355664835,-442787778.38273174
84672000.0,-66760074841.16148,-134213295614.03891,26644.43460165061,-13212.054864567755,-442787783.1855957
85104000.0,-55018544597.38048,-139420887335.11597,27681.275090514388,-10882.279662257733,-442787787.99076355
85536000.0,-42872717812.3083,-143603948536.99954,28515.011067475974,-8471.749322863641,-442787792.79907095
85968000.0,-30411741547.04844,-146731384353.17407,29139.384042226873,-5998.108174533158,-442787797.6113331
86400000.0,-17727138481.324463,-148779832055.2617,29549.66164944321,-3479.48729352829,-442787802.4283402
86832000.0,-4912138842.980492,-149733843117.56485,29742.67648456509,-934.3732685091036,-442787807.2508499
87264000.0,7939002034.538691,-149586007835.21326,29716.853744058142,1618.526365576456,-442787812.0795827
87696000.0,20731695616.369476,-148337021259.67767,29472.22734063097,4160.420079440939,-442787816.915216
88128000.0,33371716496.10376,-145995689632.24295,29010.4442423861,6672.570703021847,-442787821.7583802
88560000.0,45765898024.93581,-142578876928.64935,28334.756869086188,9136.434163171683,-442787826.60965115
88992000.0,57822822060.73014,-138111391573.55222,27450.003468113977,11533.797562026955,-442787831.46954846
89424000.0,69453497644.35168,-132625813838.36754,26362.576486630907,13846.915534841215,-442787836.33852965
89856000.0,80572023438.70265,-126162264896.74664,25080.37905408057,16058.643817297154,-442787841.2169858
90288000.0,91096228836.82753,-118768118974.31384,23612.76978957963,18152.56895325935,-442787846.1052392
90720000.0,100948288760.13554,-110497660489.07298,21970.496250797587,20113.133085192432,-442787851.00354105
91152000.0,110055307326.71127,-101411688531.48154,20165.617443438623,21925.752791507017,-442787855.91206634
91584000.0,118349865772.75452,-91577071473.88013,18211.415912099576,23576.93096820127,-442787860.83091533
92016000.0,125770530256.74867,-81066254922.93892,16122.300032713967,25054.360796450615,-442787865.76010966
92448000.0,132262315464.73581,-69956726631.2219,13913.69722258758,26347.02089317681,-442787870.6995939
92880000.0,137777100264.19672,-58330442360.13796,11601.93887476185,27445.26080781015,-442787875.6492335
93312000.0,142273992021.00256,-46273217031.87782,9204.137907705872,28340.87610494535,-442787880.60881644
93744000.0,145719636595.6357,-33874085818.12046,6738.059897792358,29027.172358677286,-442787885.578056
94176000.0,148088471467.72165,-21224640084.37548,4221.9888294048,29499.017479182527,-442787890.556589
94608000.0,149362919897.7086,-8418343337.279776,1674.5885547229773,29752.88189449813,-442787895.54398227
95040000.0,149533524516.6558,4450167495.031286,-885.2388987343547,29786.86621918728,-442787900.5397335
95472000.0,148599019234.54266,17285789984.65455,-3438.4970006645694,29600.716155279068,-442787905.5432757
95904000.0,146566338868.9823,29993667778.144356,-5966.239176984442,29195.82448802383,-442787910.5539825
96336000.0,143450566414.1993,42479900239.91507,-8449.71285306838,28575.220158034805,-442787915.571171
96768000.0,139274818388.981,54652244599.32707,-10870.50188353728,27743.54451066811,-442787920.5941094
97200000.0,134070069216.38486,66420805105.07645,-13210.666188454805,26707.014941397196,-442787925.62202156
97632000.0,127874916091.72472,77698703809.97113,-15452.87744603159,25473.376270866735,-442787930.6540933
98064000.0,120735286283.37685,88402727777.36786,-17580.54973435311,24051.840293733858,-442787935.6894794
98496000.0,112704089278.14658,98453947715.20618,-19577.964068496804,22453.014049890968,-442787940.72730994
98928000.0,103840816624.56247,107778303301.85632,-21430.385843764572,20688.81746391544,-442787945.76669776
99360000.0,94211092739.21196,116307150766.51968,-23124.17426954304,18772.391087465123,-442787950.8067446
99792000.0,83886180319.28444,123977768621.84953,-24646.8829602981,16717.994758872213,-442787955.8465495
100224000.0,72942444345.58116,130733817813.5878,-25987.35093909274,14540.89806361314,-442787960.88521475
100656000.0,61460778961.709145,136525752946.84454,-27135.783403401227,12257.263538085486,-442787965.92185366
101088000.0,49526001774.926834,141311181666.48697,-28083.8217014568,9884.023606849503,-442787970.9555973
101520000.0,37226220340.69878,145055169705.1501,-28824.602068493143,7438.752280044189,-442787975.98560023
101952000.0,24652175765.59746,147730489561.8098,-29352.802774631607,4939.532663117849,-442787981.011049
102384000.0,11896568491.504745,149317811231.91138,-29664.67943849825,2404.821345559689,-442787986.0311656
102816000.0,-946628591.5896149,149805833872.1011,-29758.088361686147,-146.6892606084366,-442787991.04521513
103248000.0,-13782864515.708765,149191357744.26108,-29632.497837778472,-2696.209567663931,-442787996.05251044
103680000.0,-26517706900.146286,147479296240.65274,-29288.98748481418,-5224.991394496616,-442788001.0524163
104112000.0,-39057535764.9914,144682628240.71518,-28730.235740950167,-7714.465458080653,-442788006.04435563
104544000.0,-51310229425.16499,140822291486.97366,-27960.495748941656,-10146.376778890339,-442788011.0278112
104976000.0,-63185837512.23279,135927018089.50716,-26985.559935370187,-12502.91704283508,-442788016.0023301
105408000.0,-74597236319.70227,130033113672.81587,-25812.713664894083,-14766.85300583622,-442788020.96752733
105840000.0,-85460761846.73102,123184182063.43129,-24450.678417925665,-16921.65007555202,-442788025.9230859
106272000.0,-95696816122.46173,115430797779.32811,-22909.545001938957,-18951.590257083815,-442788030.8687613
106704000.0,-105230442625.81737,106830128921.6113,-21200.697362094365,-20841.88370492065,-442788035.804381
107136000.0,-113991866870.83232,97445513383.89374,-19336.727606158605,-22578.77318112214,-442788040.72984576
107568000.0,-121916998502.834,87345991584.40523,-17331.342902020155,-24149.630779099167,-442788045.6451295
108000000.0,-128947891543.50478,76605799189.61705,-15199.264943750126,-25543.046332720056,-442788050.5502794
108432000.0,-135033159730.67313,65303823535.707184,-12956.122714490648,-26748.90699133335,-442788055.44541526
108864000.0,-140128344219.3902,53523027665.408035,-10618.339301859267,-27758.467502246654,-442788060.330728
109296000.0,-144196231242.40482,41349846082.7046,-8203.013544448148,-28564.410802923983,-442788065.20647794
109728000.0,-147207117668.69342,28873556486.633377,-5727.797306779186,-29160.89858545115,-442788070.07299274
110160000.0,-149139022746.54285,16185631878.287718,-3210.76919513999,-29543.611555550513,-442788074.9306652
110592000.0,-149977844671.29312,3379077542.3140316,-670.3055384257759,-29709.77916756837,-442788079.77994984
111024000.0,-149717460975.8419,-9452242514.065176,1875.0505332452026,-29658.1986754476,-442788084.62135935
111456000.0,-148359772103.12442,-22214285024.92218,4406.72107354437,-29389.243397832754,-442788089.4554628
111888000.0,-145914687882.84076,-34813508161.306854,6906.22552677988,-28904.86015327662,-442788094.2828792
112320000.0,-142400056998.5886,-47157548781.09908,9355.312314123425,-28208.555879198557,-442788099.1042749
112752000.0,-137841539895.19275,-59155891573.74904,11736.088958614971,-27305.37350597022,-442788103.92035896
113184000.0,-132272425938.29999,-70720525483.96396,14031.149912768933,-26201.85721545425,-442788108.73187745
113616000.0,-125733395998.09596,-81766582866.8527,16223.701259740328,-24906.007271656275,-442788113.5396091
114048000.0,-118272231985.085,-92212956920.79858,18297.681469064628,-23427.224669992956,-442788118.3443602
114480000.0,-109943475216.93362,-101982893063.63373,20237.877401235746,-21776.245911099897,-442788123.14695907
114912000.0,-100808035839.96597,-111004550062.78836,22030.03477216399,-19965.068265107537,-442788127.94825023
115344000.0,-90932755865.41058,-119211526901.22394,23660.962309232473,-18006.865952827353,-442788132.74908906
115776000.0,-80389928707.16245,-126543351558.32013,25118.628855647497,-15915.897731153163,-442788137.5503359
116208000.0,-69256778422.69624,-132945928108.56999,26392.252709466036,-13707.406430935767,-442788142.35284966
116640000.0,-57614902159.72281,-138371938790.9104,27472.38251848631,-11397.511056276111,-442788147.15748256
117072000.0,-45549679595.928604,-142781197977.56662,28350.969092481184,-9003.092114143485,-442788151.9650743
117504000.0,-33149653425.232853,-146140955272.98898,29021.427540369867,-6541.670901901714,-442788156.776445
117936000.0,-20505885188.862827,-148426145300.11343,29478.68919212411,-4031.283537064258,-442788161.5923908
118368000.0,-7711290970.514856,-149619582081.79153,29719.242823669694,-1490.350567659134,-442788166.4136768
118800000.0,5140038330.789194,-149712096298.48065,29741.164767846327,1062.4569478462263,-442788171.2410322
119232000.0,17953527271.556168,-148702614097.46475,29544.137565584497,3608.3539559020555,-442788176.0751442
119664000.0,30634811666.85134,-146598176541.91388,29129.456888667068,6128.579542419308,-442788180.91665417
120096000.0,43090434815.64658,-143413899217.50732,28500.026548443526,8604.535675661216,-442788185.76615
120528000.0,55228538977.33221,-139172871957.26685,27660.341493181302,11017.925519019669,-442788190.62416446
120960000.0,66959546906.13085,-133905999098.40489,26616.45878974233,13350.890255588107,-442788195.49116784
121392000.0,78196828269.09662,-127651781144.74997,25375.956682181946,15586.143355646673,-442788200.36756706
121824000.0,88857345834.87119,-120456039170.69131,23947.881919752446,17707.101216948504,-442788205.2536994
122256000.0,98862276425.46066,-112371583763.31145,22342.685648589726,19698.009116666493,-442788210.1498312
122688000.0,108137601772.56683,-103457830753.93365,20572.148263883333,21544.06143351817,-442788215.0561551
123120000.0,116614664613.49162,-93780366434.0057,18649.293721292208,23231.515129263706,-442788219.9727873
123552000.0,124230685598.80267,-83410465378.272,16588.29390640933,24747.795520620566,-442788224.8997669
123984000.0,130929236863.66539,-72424564405.7296,14404.363757789713,26081.59342561693,-442788229.8370552
124416000.0,136660668435.26875,-60903696591.15602,12113.64793101224,27222.952832269337,-442788234.78453475
124848000.0,141382484007.7366,-48932889592.42756,9733.099877037244,28163.34831176453,-442788239.742011
125280000.0,145059663010.36566,-36600532877.044106,7280.35428638964,28895.75148238985,-442788244.7092121
125712000.0,147664926321.43585,-23997718711.19987,4773.593920166019,29414.685923428544,-442788249.6857927
126144000.0,149178943434.1415,-11217562012.760185,2231.4119083749724,29716.270039066414,-442788254.67133385
126576000.0,149590479358.86792,1645495637.5134506,-327.32935533935824,29798.24747982474,-442788259.6653481
127008000.0,148896480042.15906,14496392386.783104,-2883.641556807827,29660.004841776863,-442788264.6672825
127440000.0,147102095592.04266,27240157367.505928,-5418.554852215506,29302.57648034013,-442788269.6765229
127872000.0,144220641116.41898,39782621240.95932,-7913.262105278872,28728.63639419388,-442788274.6923987
128304000.0,140273495500.36432,52031120453.11012,-10349.261770924277,27942.477254240992,-442788279.7141876
128736000.0,135289938963.79947,63895189687.01096,-12708.498240394663,26949.976770873436,-442788284.74112356
129168000.0,129306930747.43373,75287237104.51192,-14973.498490224523,25758.55170851436,-442788289.7723992
129600000.0,122368828766.79224,86123197127.82016,-17127.503917341815,24377.099967940965,-442788294.8071763
130032000.0,114527053546.29257,96323155716.19939,-19154.59629398621,22815.93126278976,-442788299.84458923
130464000.0,105839699192.92438,105811943342.14828,-21039.81683829067,21086.687015577725,-442788304.88375384
130896000.0,96371094587.69162,114519691161.46437,-22769.27746820565,19202.25018936222,-442788309.92377406
131328000.0,86191318358.67397,122382346198.94392,-24330.26338676077,17176.645852805,-442788314.963749
131760000.0,75375671548.96411,129342141731.95813,-25711.32623415723,15024.933348090057,-442788320.0027795
132192000.0,64004112203.034256,135348019443.3375,-26902.36713549095,12763.090992262589,-442788325.03997546
132624000.0,52160656364.07301,140356000328.2337,-27894.709070603945,10407.894292706387,-442788330.07446396
133056000.0,39932750200.92466,144329501772.1225,-28681.158093226466,7976.78869646768,-442788335.1053939
133488000.0,27410618165.47805,147239598664.03693,-29256.053028804607,5487.757920973665,-442788340.131944
133920000.0,14686592219.308256,149065226865.69785,-29615.303382863854,2959.188930583516,-442788345.1533281
134352000.0,1854427262.2497005,149793327818.78125,-29756.415293175676,409.73462972223433,-442788350.1688017
134784000.0,-10991392053.922106,149418933534.6689,-29678.50545821577,-2141.8246603886846,-442788355.1776664
135216000.0,-23756347935.2261,147945191669.4691,-29382.303070396985,-4676.719887515863,-442788360.17927593
135648000.0,-36346584319.46652,145383330837.97003,-28870.139874435066,-7176.331084576664,-442788365.17303944
136080000.0,-48669594926.293106,141752566759.95856,-28145.92855821785,-9622.32331357298,-442788370.1584267
136512000.0,-60634899502.55083,137079950257.82759,-27215.129765108602,-11996.779771102427,-442788375.1349705
136944000.0,-72154703423.52034,131400158532.83728,-26084.708092286928,-14282.331131625639,-442788380.1022703
137376000.0,-83144535983.39671,124755231536.41026,-24763.07750923007,-16462.280252076438,-442788385.05999494
137808000.0,-93523862909.76201,117194255620.45142,-23260.036693620383,-18520.721412943923,-442788390.00788337
138240000.0,-103216668864.14166,108772996995.28914,-21586.694838817788,-20442.65332577498,-442788394.9457477
138672000.0,-112152005941.27869,99553487844.19621,-19755.388537661787,-22214.08519434657,-442788399.87347215
139104000.0,-120264504450.86375,89603568238.65016,-17779.590391968115,-23822.13517582115,-442788404.7910148
139536000.0,-127494842554.57924,78996387267.91377,-15673.810035942715,-25255.120648395063,-442788409.69840723
139968000.0,-133790171636.0416,67809867039.7854,-13453.488295194427,-26502.63975274527,-442788414.59575355
140400000.0,-139104494599.3106,56126133426.32469,-11134.885231473265,-27555.643735540532,-442788419.4832288
140832000.0,-143398994620.996,44030917619.00578,-8734.96284710035,-28406.499684077982,-442788424.36107886
141264000.0,-146642312219.73233,31612932722.212715,-6271.263242698909,-29049.04330150233,-442788429.22961646
141696000.0,-148810768853.18365,18963229752.475994,-3761.783037677911,-29478.621431924763,-442788434.08922076
142128000.0,-149888535605.22028,6174537523.600262,-1224.8448753247585,-29692.124104029164,-442788438.9403326
142560000.0,-149867745883.06384,-6659409014.895893,1321.03315635143,-29688.00592045768,-442788443.783453
142992000.0,-148748551404.73776,-19444547356.58872,3857.269350459058,-29466.296678491377,-442788448.61913866
143424000.0,-146539121119.89316,-32087168267.82123,6365.350612421054,-29028.601165418768,-442788453.447998
143856000.0,-143255583070.8851,-44494594189.86436,8826.964253997103,-28378.088129682004,-442788458.2706877
144288000.0,-138921909564.756,-56575850548.12393,11224.128508901995,-27519.468486591228,-442788463.08790743
144720000.0,-133569746389.4554,-68242325340.84155,13539.32093264753,-26458.962875284447,-442788467.9003959
145152000.0,-127238187168.05847,-79408412442.70616,15755.603855765214,-25204.25874184981,-442788472.7089253
145584000.0,-119973494301.74773,-89992134147.02252,17856.746068965313,-23764.457182251168,-442788477.5142963
146016000.0,-111828768304.59743,-99915738583.80153,19827.3399313166,-22150.009837990307,-442788482.3173325
146448000.0,-102863567679.33159,-109106267790.59798,21652.91310851022,-20372.646197320006,-442788487.1188762
146880000.0,-93143481821.64311,-117496092378.36954,23320.034168065584,-18445.29171523598,-442788491.9197801
147312000.0,-82739659769.63275,-125023408926.26842,24816.411282341876,-16381.977226280917,-442788496.7209041
147744000.0,-71728297932.54388,-131632696457.22707,26130.983318845858,-14197.740185154478,-442788501.52310807
148176000.0,-60190090237.14732,-137275128590.45872,27254.002630982162,-11908.518330903713,-442788506.32724667
148608000.0,-48209644418.61383,-141908938237.39508,28177.108901460306,-9531.036430631963,-442788511.13416195
149040000.0,-35874868453.08629,-145499732003.74634,28893.39343539526,-7082.686817673209,-442788515.9446796
149472000.0,-23276331378.879723,-148020751781.6631,29397.45335099557,-4581.404496399246,-442788520.7596009
149904000.0,-10506602979.64225,-149453081361.47687,29685.435172822934,-2045.5376405373531,-442788525.5796985
150336000.0,2340422996.813637,-149785796260.94464,29755.067396028804,506.28563672179416,-442788530.40571004
150768000.0,15170217238.688812,-149016055359.70792,29605.6816597085,3055.2933153116323,-442788535.2383323
151200000.0,27888309903.91724,-147149133335.80594,29238.222243413515,5582.707335893724,-442788540.07821673
151632000.0,40400987195.88504,-144198393327.16467,28655.243682636563,8069.882298628983,-442788544.92596364
152064000.0,52615984320.049095,-140185199681.23047,27860.896386290824,10498.443960013392,-442788549.7821177
152496000.0,64443169629.5408,-135138771107.14511,26860.900231249096,12850.42647323475,-442788554.6471638
152928000.0,75795214777.70164,-129095975003.5095,25662.506205141424,15108.407304721099,-442788559.5215225
153360000.0,86588245747.6122,-122101064196.94852,24274.44626793312,17255.63875618208,-442788564.40554726
153792000.0,96742469724.2031,-114205357788.15619,22706.87170428251,19276.17502814646,-442788569.2995193
154224000.0,106182772914.16074,-105466868258.40038,20971.28034114847,21154.993778294865,-442788574.203648
154656000.0,114839284602.71957,-95949877435.93564,19080.433107315926,22878.11115614426,-442788579.1180664
155088000.0,122647902964.16223,-85724464353.63086,17048.26051208642,24432.6893350521,-442788584.0428301
155520000.0,129550778413.42575,-74865988441.53607,14889.759717939483,25807.1356130759,-442788588.97791785
155952000.0,135496750598.02719,-63454531886.30867,12620.882975084201,26991.192215747575,-442788593.9232291
156384000.0,140441735480.34488,-51574305348.73968,10258.418273073647,27976.016005893434,-442788598.878586
156816000.0,144349059347.2952,-39313021556.63544,7819.8631446744,28754.247387633768,-442788603.84373367
157248000.0,147189737004.21835,-26761241578.89812,5323.29262867301,29320.067782811006,-442788608.8183423
157680000.0,148942691858.3852,-14011698834.085102,2787.2224600736945,29669.245157312555,-442788613.802009
